setup,eval_split,eval_distribution,model,threshold_policy,seeds,n_mean,threshold_source,external_tta_domain_norm,accuracy_mean,accuracy_std,accuracy_mean_std,precision_mean,precision_std,precision_mean_std,recall_mean,recall_std,recall_mean_std,f1_mean,f1_std,f1_mean_std,specificity_mean,specificity_std,specificity_mean_std,auc_mean,auc_std,auc_mean_std,sensitivity_at_90_specificity_mean,sensitivity_at_90_specificity_std,sensitivity_at_90_specificity_mean_std,sensitivity_at_95_specificity_mean,sensitivity_at_95_specificity_std,sensitivity_at_95_specificity_mean_std,brier_mean,brier_std,brier_mean_std,ece_mean,ece_std,ece_mean_std,threshold_mean,threshold_std,threshold_mean_std,auc_ci95_low,auc_ci95_high,auc_ci95,f1_ci95_low,f1_ci95_high,f1_ci95,recall_ci95_low,recall_ci95_high,recall_ci95,specificity_ci95_low,specificity_ci95_high,specificity_ci95
AIROGS_ORIGA,external_ACRIMA_balanced,balanced,morfnet_no_bio,f1,3,618.0,development_validation_only,True,0.721143473570658,0.02580555278081055,0.721 +/- 0.026,0.794870781203616,0.07024393340513131,0.795 +/- 0.070,0.6148867313915858,0.14301863944326443,0.615 +/- 0.143,0.6813595006812392,0.07575180438490133,0.681 +/- 0.076,0.8274002157497303,0.09541896175834294,0.827 +/- 0.095,0.8184211169412413,0.0014553097368129183,0.818 +/- 0.001,0.5329018338727077,0.04648643241945038,0.533 +/- 0.046,0.4023732470334412,0.004943447351624419,0.402 +/- 0.005,0.2051680024836,0.027736082180748647,0.205 +/- 0.028,0.15094585789060128,0.08396466657347425,0.151 +/- 0.084,0.37666666666666665,0.0880814017448254,0.377 +/- 0.088,0.7777293564619702,0.8186500902729696,0.778-0.819,0.6662543551344743,0.7130739877834705,0.666-0.713,0.5882128035835209,0.6462443085692225,0.588-0.646,0.8035985859124867,0.8532237688349871,0.804-0.853
AIROGS_ORIGA,external_ACRIMA_balanced,balanced,morfnet_full,f1,3,618.0,development_validation_only,True,0.6542610571736786,0.08519895113391857,0.654 +/- 0.085,0.8495362793235133,0.08720829639645993,0.850 +/- 0.087,0.3905070118662352,0.22957586045666012,0.391 +/- 0.230,0.5001424038263367,0.23418447507222243,0.500 +/- 0.234,0.9180151024811218,0.09206726340173406,0.918 +/- 0.092,0.7802599470051635,0.07967532380766883,0.780 +/- 0.080,0.47249190938511326,0.15261910838254497,0.472 +/- 0.153,0.3732470334412082,0.12676558958467649,0.373 +/- 0.127,0.2715089789454232,0.07620054478577977,0.272 +/- 0.076,0.2674148810591384,0.08802939429019725,0.267 +/- 0.088,0.3633333333333333,0.1338220211076388,0.363 +/- 0.134,0.7464066570135064,0.7899336922058064,0.746-0.790,0.4951937145962668,0.5603937249864465,0.495-0.560,0.35695294622425633,0.4193202177508269,0.357-0.419,0.900794360646233,0.9335624724133985,0.901-0.934
AIROGS_ORIGA,external_ACRIMA_balanced,balanced,convnext_tiny_peri,f1,3,618.0,development_validation_only,True,0.6833872707659115,0.08081440321323298,0.683 +/- 0.081,0.7076424828304527,0.12772647472445053,0.708 +/- 0.128,0.6731391585760518,0.13915857605177995,0.673 +/- 0.139,0.6790264459882444,0.0782517440878824,0.679 +/- 0.078,0.6936353829557712,0.21433462560774305,0.694 +/- 0.214,0.7676291618227711,0.09127629482626523,0.768 +/- 0.091,0.447680690399137,0.16597661949330064,0.448 +/- 0.166,0.3559870550161812,0.17267730190231845,0.356 +/- 0.173,0.2074695944991023,0.023600164781324467,0.207 +/- 0.024,0.10914280962403923,0.0431403773691984,0.109 +/- 0.043,0.40333333333333327,0.012583057392117897,0.403 +/- 0.013,0.7415044040964325,0.7822681144307726,0.742-0.782,0.6585373545682524,0.7021090451240576,0.659-0.702,0.6434560112162636,0.704209629974579,0.643-0.704,0.664931008677929,0.7209294871794871,0.665-0.721
AIROGS_ORIGA,external_ACRIMA_balanced,balanced,efficientnet_v2_s_global,f1,3,618.0,development_validation_only,True,0.6736785329018339,0.004072186858290569,0.674 +/- 0.004,0.6584075089220423,0.012539020651402456,0.658 +/- 0.013,0.7249190938511326,0.061743637632164776,0.725 +/- 0.062,0.6888452974859641,0.020172497984280266,0.689 +/- 0.020,0.622437971952535,0.05418497672006196,0.622 +/- 0.054,0.7301836665584428,0.012634190423531352,0.730 +/- 0.013,0.2955771305285868,0.030587803406165764,0.296 +/- 0.031,0.14347357065803668,0.01660712439950448,0.143 +/- 0.017,0.2175846407410991,0.0102544560337599,0.218 +/- 0.010,0.08826983965201929,0.03670970759626725,0.088 +/- 0.037,0.3899999999999999,0.03968626966596887,0.390 +/- 0.040,0.7029692955743336,0.7484051273801573,0.703-0.748,0.6682593966722794,0.7114792276846882,0.668-0.711,0.6984591688737546,0.7544773795534665,0.698-0.754,0.5913195281210911,0.6550242600679282,0.591-0.655
AIROGS_ORIGA,external_ACRIMA_balanced,balanced,convnext_tiny_disc,f1,3,618.0,development_validation_only,True,0.6051779935275081,0.054225230032737985,0.605 +/- 0.054,0.5732951949876803,0.0444531854212179,0.573 +/- 0.044,0.8651564185544768,0.0609182649557519,0.865 +/- 0.061,0.687430214608022,0.019370826759770494,0.687 +/- 0.019,0.34519956850053934,0.16291962000328436,0.345 +/- 0.163,0.6990413450494515,0.03636771375614405,0.699 +/- 0.036,0.26105717367853293,0.01347356633958662,0.261 +/- 0.013,0.15533980582524273,0.039237396935217286,0.155 +/- 0.039,0.22254224977543438,0.009276610046857436,0.223 +/- 0.009,0.05998965760264966,0.004950468163670418,0.060 +/- 0.005,0.37666666666666665,0.04725815626252607,0.377 +/- 0.047,0.6706483705837796,0.7193212221906752,0.671-0.719,0.664196723898444,0.7071463375364382,0.664-0.707,0.8418226996470182,0.8864039420621853,0.842-0.886,0.3154055666027906,0.3755562110640116,0.315-0.376
AIROGS_ORIGA,external_ACRIMA_balanced,balanced,convnext_tiny_global,f1,3,618.0,development_validation_only,True,0.5879180151024811,0.009342237365527943,0.588 +/- 0.009,0.6316077426060162,0.029028798909885196,0.632 +/- 0.029,0.42718446601941745,0.02765049755766192,0.427 +/- 0.028,0.508685130980853,0.01127204033197963,0.509 +/- 0.011,0.7486515641855448,0.0453459537367502,0.749 +/- 0.045,0.5887087483373655,0.022036217695710555,0.589 +/- 0.022,0.27292340884573896,0.018684474731055854,0.273 +/- 0.019,0.20711974110032363,0.011668450729656927,0.207 +/- 0.012,0.25502135566442785,0.010226180005006125,0.255 +/- 0.010,0.12227165608987324,0.04053083085324592,0.122 +/- 0.041,0.4366666666666666,0.06658328118479391,0.437 +/- 0.067,0.5611491098196864,0.613599332774542,0.561-0.614,0.48014140092507424,0.5406983965841569,0.480-0.541,0.3980879422584484,0.46143745949234816,0.398-0.461,0.7228443295991418,0.7738097359919794,0.723-0.774
AIROGS_ORIGA,external_ACRIMA_balanced,balanced,morfnet_no_bio,high_sensitivity_90,3,618.0,development_validation_only,True,0.7351672060409925,0.011365322279237018,0.735 +/- 0.011,0.784186644324123,0.07167714815023929,0.784 +/- 0.072,0.6645091693635382,0.08929537038435763,0.665 +/- 0.089,0.7133286004636581,0.02826129453527944,0.713 +/- 0.028,0.8058252427184467,0.09773248459897406,0.806 +/- 0.098,0.8184211169412413,0.0014553097368129183,0.818 +/- 0.001,0.5329018338727077,0.04648643241945038,0.533 +/- 0.046,0.4023732470334412,0.004943447351624419,0.402 +/- 0.005,0.2051680024836,0.027736082180748647,0.205 +/- 0.028,0.15094585789060128,0.08396466657347425,0.151 +/- 0.084,0.3266666666666667,0.06885734044626857,0.327 +/- 0.069,0.778273213942225,0.8173112344854415,0.778-0.817,0.6898217459048995,0.7389823141796197,0.690-0.739,0.6330738529463694,0.6933355349389695,0.633-0.693,0.7821072785903489,0.8308567626489991,0.782-0.831
AIROGS_ORIGA,external_ACRIMA_balanced,balanced,morfnet_full,high_sensitivity_90,3,618.0,development_validation_only,True,0.6925566343042071,0.0881988354363213,0.693 +/- 0.088,0.8039200878232764,0.04650016900568722,0.804 +/- 0.047,0.517799352750809,0.2372854728779723,0.518 +/- 0.237,0.6042430574757675,0.1900600860206469,0.604 +/- 0.190,0.8673139158576052,0.07401033414905678,0.867 +/- 0.074,0.7802599470051635,0.07967532380766883,0.780 +/- 0.080,0.47249190938511326,0.15261910838254497,0.472 +/- 0.153,0.3732470334412082,0.12676558958467649,0.373 +/- 0.127,0.2715089789454232,0.07620054478577977,0.272 +/- 0.076,0.2674148810591384,0.08802939429019725,0.267 +/- 0.088,0.26133333333333336,0.0410528115155751,0.261 +/- 0.041,0.7453898057672471,0.7882236654726332,0.745-0.788,0.598743243772095,0.6550497983836076,0.599-0.655,0.48581191350469194,0.5496110195976949,0.486-0.550,0.8457294874881853,0.8880552724972768,0.846-0.888
AIROGS_ORIGA,external_ACRIMA_balanced,balanced,convnext_tiny_peri,high_sensitivity_90,3,618.0,development_validation_only,True,0.6731391585760518,0.0989439530499058,0.673 +/- 0.099,0.646369954924742,0.10446107070469247,0.646 +/- 0.104,0.8155339805825244,0.0913057344962193,0.816 +/- 0.091,0.7162986437814022,0.07032020328879063,0.716 +/- 0.070,0.5307443365695793,0.21860835435335346,0.531 +/- 0.219,0.7676291618227711,0.09127629482626523,0.768 +/- 0.091,0.447680690399137,0.16597661949330064,0.448 +/- 0.166,0.3559870550161812,0.17267730190231845,0.356 +/- 0.173,0.2074695944991023,0.023600164781324467,0.207 +/- 0.024,0.10914280962403923,0.0431403773691984,0.109 +/- 0.043,0.3426666666666667,0.022030282189144428,0.343 +/- 0.022,0.7419916526865723,0.7812591048221141,0.742-0.781,0.6909679143097737,0.7341681970922861,0.691-0.734,0.7922131315058042,0.8387598592146552,0.792-0.839,0.5,0.5620615188024827,0.500-0.562
AIROGS_ORIGA,external_ACRIMA_balanced,balanced,efficientnet_v2_s_global,high_sensitivity_90,3,618.0,development_validation_only,True,0.6725997842502697,0.0065395661558695015,0.673 +/- 0.007,0.6520711585370008,0.0138939486213054,0.652 +/- 0.014,0.744336569579288,0.07610340463627732,0.744 +/- 0.076,0.6934098077264323,0.02552623224864426,0.693 +/- 0.026,0.6008629989212514,0.06539566155869549,0.601 +/- 0.065,0.7301836665584428,0.012634190423531352,0.730 +/- 0.013,0.2955771305285868,0.030587803406165764,0.296 +/- 0.031,0.14347357065803668,0.01660712439950448,0.143 +/- 0.017,0.2175846407410991,0.0102544560337599,0.218 +/- 0.010,0.08826983965201929,0.03670970759626725,0.088 +/- 0.037,0.38133333333333336,0.05896891836665594,0.381 +/- 0.059,0.704514920894695,0.7498488443440622,0.705-0.750,0.6723336563909494,0.7195909823703781,0.672-0.720,0.7172627874205032,0.773246858880318,0.717-0.773,0.5704553979065135,0.6311930246154055,0.570-0.631
AIROGS_ORIGA,external_ACRIMA_balanced,balanced,convnext_tiny_disc,high_sensitivity_90,3,618.0,development_validation_only,True,0.5722761596548004,0.04195694385565136,0.572 +/- 0.042,0.5436533141720779,0.026789986562627217,0.544 +/- 0.027,0.9298813376483279,0.03722855216124574,0.930 +/- 0.037,0.6853726243860773,0.01480116408916638,0.685 +/- 0.015,0.21467098166127294,0.11602441993310682,0.215 +/- 0.116,0.6990413450494515,0.03636771375614405,0.699 +/- 0.036,0.26105717367853293,0.01347356633958662,0.261 +/- 0.013,0.15533980582524273,0.039237396935217286,0.155 +/- 0.039,0.22254224977543438,0.009276610046857436,0.223 +/- 0.009,0.05998965760264966,0.004950468163670418,0.060 +/- 0.005,0.33466666666666667,0.03607399802258313,0.335 +/- 0.036,0.6701492132617115,0.7181093482884915,0.670-0.718,0.6639705901451985,0.7045545878171737,0.664-0.705,0.9140686444198283,0.9461360486392747,0.914-0.946,0.1879663473076,0.24245367460205466,0.188-0.242
AIROGS_ORIGA,external_ACRIMA_balanced,balanced,convnext_tiny_global,high_sensitivity_90,3,618.0,development_validation_only,True,0.5620280474649407,0.044500833510967217,0.562 +/- 0.045,0.5667564775626942,0.05193460736385509,0.567 +/- 0.052,0.593311758360302,0.11723670412270228,0.593 +/- 0.117,0.5727924140162054,0.038467547608890144,0.573 +/- 0.038,0.5307443365695793,0.18795318570526348,0.531 +/- 0.188,0.5887087483373655,0.022036217695710555,0.589 +/- 0.022,0.27292340884573896,0.018684474731055854,0.273 +/- 0.019,0.20711974110032363,0.011668450729656927,0.207 +/- 0.012,0.25502135566442785,0.010226180005006125,0.255 +/- 0.010,0.12227165608987324,0.04053083085324592,0.122 +/- 0.041,0.3666666666666667,0.047721413781795424,0.367 +/- 0.048,0.561366696043095,0.6102240972909656,0.561-0.610,0.5494105302141843,0.6003593582249791,0.549-0.600,0.5621222416359283,0.6217592412089333,0.562-0.622,0.49972910216718264,0.5653392428971785,0.500-0.565
AIROGS_ORIGA,external_ACRIMA_balanced,balanced,morfnet_no_bio,high_specificity_90,3,618.0,development_validation_only,True,0.6375404530744336,0.03953654279246159,0.638 +/- 0.040,0.9329975919236825,0.031000349838080053,0.933 +/- 0.031,0.29881337648327944,0.09364631893942052,0.299 +/- 0.094,0.44585746552959665,0.11023412668984028,0.446 +/- 0.110,0.9762675296655878,0.015293901703082861,0.976 +/- 0.015,0.8184211169412413,0.0014553097368129183,0.818 +/- 0.001,0.5329018338727077,0.04648643241945038,0.533 +/- 0.046,0.4023732470334412,0.004943447351624419,0.402 +/- 0.005,0.2051680024836,0.027736082180748647,0.205 +/- 0.028,0.15094585789060128,0.08396466657347425,0.151 +/- 0.084,0.7040000000000001,0.08089499366462674,0.704 +/- 0.081,0.779663861958822,0.8185980826386836,0.780-0.819,0.4180203776191573,0.4861301548271479,0.418-0.486,0.2715349414272527,0.32786949704440843,0.272-0.328,0.9670328178947039,0.986321108908512,0.967-0.986
AIROGS_ORIGA,external_ACRIMA_balanced,balanced,morfnet_full,high_specificity_90,3,618.0,development_validation_only,True,0.581984897518878,0.07129541161535412,0.582 +/- 0.071,0.9633699633699634,0.03574948955300939,0.963 +/- 0.036,0.17259978425026967,0.14891420864498292,0.173 +/- 0.149,0.2732220647266142,0.21713108679653198,0.273 +/- 0.217,0.9913700107874867,0.0074737898924223155,0.991 +/- 0.007,0.7802599470051635,0.07967532380766883,0.780 +/- 0.080,0.47249190938511326,0.15261910838254497,0.472 +/- 0.153,0.3732470334412082,0.12676558958467649,0.373 +/- 0.127,0.2715089789454232,0.07620054478577977,0.272 +/- 0.076,0.2674148810591384,0.08802939429019725,0.267 +/- 0.088,0.5946666666666668,0.06478682993736715,0.595 +/- 0.065,0.7439868876924077,0.7889279004479987,0.744-0.789,0.2571678473775789,0.3240872001670711,0.257-0.324,0.14836880149294834,0.1947430423342922,0.148-0.195,0.984090627951959,0.9967391304347826,0.984-0.997
AIROGS_ORIGA,external_ACRIMA_balanced,balanced,convnext_tiny_peri,high_specificity_90,3,618.0,development_validation_only,True,0.6154261057173679,0.031763607042794954,0.615 +/- 0.032,0.8869047619047619,0.0873452897358483,0.887 +/- 0.087,0.26429341963322545,0.04272988634377206,0.264 +/- 0.043,0.40661601072912124,0.058151872307591355,0.407 +/- 0.058,0.9665587918015103,0.02752394999390092,0.967 +/- 0.028,0.7676291618227711,0.09127629482626523,0.768 +/- 0.091,0.447680690399137,0.16597661949330064,0.448 +/- 0.166,0.3559870550161812,0.17267730190231845,0.356 +/- 0.173,0.2074695944991023,0.023600164781324467,0.207 +/- 0.024,0.10914280962403923,0.0431403773691984,0.109 +/- 0.043,0.6000000000000001,0.03555277766926233,0.600 +/- 0.036,0.7372505924101906,0.7833106454144678,0.737-0.783,0.3725622382837148,0.4414455537727597,0.373-0.441,0.23602500406464794,0.29309071323224634,0.236-0.293,0.9545189688225205,0.9773032999283477,0.955-0.977
AIROGS_ORIGA,external_ACRIMA_balanced,balanced,efficientnet_v2_s_global,high_specificity_90,3,618.0,development_validation_only,True,0.5587918015102481,0.013950935443773025,0.559 +/- 0.014,0.7456140350877193,0.019807380273443136,0.746 +/- 0.020,0.1779935275080906,0.036756688322331865,0.178 +/- 0.037,0.2862214023171635,0.04971076426063162,0.286 +/- 0.050,0.9395900755124056,0.011365322279237077,0.940 +/- 0.011,0.7301836665584428,0.012634190423531352,0.730 +/- 0.013,0.2955771305285868,0.030587803406165764,0.296 +/- 0.031,0.14347357065803668,0.01660712439950448,0.143 +/- 0.017,0.2175846407410991,0.0102544560337599,0.218 +/- 0.010,0.08826983965201929,0.03670970759626725,0.088 +/- 0.037,0.6866666666666666,0.04822171018673365,0.687 +/- 0.048,0.7035511252954197,0.7472242576291723,0.704-0.747,0.2549169309917995,0.3218058721158704,0.255-0.322,0.15476747696956658,0.20389728627671538,0.155-0.204,0.9241702586206897,0.9547874086424238,0.924-0.955
AIROGS_ORIGA,external_ACRIMA_balanced,balanced,convnext_tiny_disc,high_specificity_90,3,618.0,development_validation_only,True,0.593311758360302,0.016208176053200306,0.593 +/- 0.016,0.7323577027948193,0.025199042185743842,0.732 +/- 0.025,0.29773462783171517,0.07097641488498804,0.298 +/- 0.071,0.4192045521612377,0.06656761143370486,0.419 +/- 0.067,0.8888888888888888,0.0390143286300434,0.889 +/- 0.039,0.6990413450494515,0.03636771375614405,0.699 +/- 0.036,0.26105717367853293,0.01347356633958662,0.261 +/- 0.013,0.15533980582524273,0.039237396935217286,0.155 +/- 0.039,0.22254224977543438,0.009276610046857436,0.223 +/- 0.009,0.05998965760264966,0.004950468163670418,0.060 +/- 0.005,0.6000000000000001,0.024331050121192837,0.600 +/- 0.024,0.6725029987260336,0.7178072965716712,0.673-0.718,0.3913263375968294,0.45754434443579467,0.391-0.458,0.2717727668169347,0.3290275312380356,0.272-0.329,0.8676868837614864,0.9101002449309396,0.868-0.910
AIROGS_ORIGA,external_ACRIMA_balanced,balanced,convnext_tiny_global,high_specificity_90,3,618.0,development_validation_only,True,0.5566343042071197,0.019618698467608636,0.557 +/- 0.020,0.8884111784248582,0.03803265148905871,0.888 +/- 0.038,0.13160733549083062,0.05231652924695637,0.132 +/- 0.052,0.225968023074848,0.07718796394055753,0.226 +/- 0.077,0.9816612729234088,0.01307913231173905,0.982 +/- 0.013,0.5887087483373655,0.022036217695710555,0.589 +/- 0.022,0.27292340884573896,0.018684474731055854,0.273 +/- 0.019,0.20711974110032363,0.011668450729656927,0.207 +/- 0.012,0.25502135566442785,0.010226180005006125,0.255 +/- 0.010,0.12227165608987324,0.04053083085324592,0.122 +/- 0.041,0.6360000000000001,0.03555277766926233,0.636 +/- 0.036,0.5618169442766539,0.6084813078548942,0.562-0.608,0.19863324175824176,0.2614270107619219,0.199-0.261,0.11212289544890827,0.15288322025067744,0.112-0.153,0.9734365988224408,0.9894146694168554,0.973-0.989
AIROGS_ORIGA,external_ACRIMA_balanced,balanced,morfnet_no_bio,youden,3,618.0,development_validation_only,True,0.6790722761596548,0.023411579734855144,0.679 +/- 0.023,0.883038926700113,0.020684865394608423,0.883 +/- 0.021,0.4142394822006472,0.06448174383550573,0.414 +/- 0.064,0.5612955188121885,0.05817915056961761,0.561 +/- 0.058,0.9439050701186623,0.018402073472742173,0.944 +/- 0.018,0.8184211169412413,0.0014553097368129183,0.818 +/- 0.001,0.5329018338727077,0.04648643241945038,0.533 +/- 0.046,0.4023732470334412,0.004943447351624419,0.402 +/- 0.005,0.2051680024836,0.027736082180748647,0.205 +/- 0.028,0.15094585789060128,0.08396466657347425,0.151 +/- 0.084,0.5640000000000001,0.08827230596285564,0.564 +/- 0.088,0.7785854176733678,0.8169833997631227,0.779-0.817,0.5291602971256324,0.5959955591758298,0.529-0.596,0.3815879343408063,0.44874553383774696,0.382-0.449,0.9284163325049889,0.9584233995698282,0.928-0.958
AIROGS_ORIGA,external_ACRIMA_balanced,balanced,morfnet_full,youden,3,618.0,development_validation_only,True,0.6283710895361381,0.08092772096444902,0.628 +/- 0.081,0.8956926406926407,0.024049684100531477,0.896 +/- 0.024,0.28694714131607335,0.17314167899848132,0.287 +/- 0.173,0.41639060619638696,0.20705123213774893,0.416 +/- 0.207,0.9697950377562027,0.01225222944077727,0.970 +/- 0.012,0.7802599470051635,0.07967532380766883,0.780 +/- 0.080,0.47249190938511326,0.15261910838254497,0.472 +/- 0.153,0.3732470334412082,0.12676558958467649,0.373 +/- 0.127,0.2715089789454232,0.07620054478577977,0.272 +/- 0.076,0.2674148810591384,0.08802939429019725,0.267 +/- 0.088,0.4306666666666667,0.05828664798505174,0.431 +/- 0.058,0.7484967785550151,0.789343019944164,0.748-0.789,0.4019002427221058,0.46816509387285105,0.402-0.468,0.26029127935169927,0.3163489864183098,0.260-0.316,0.9578713968957872,0.9806750115986619,0.958-0.981
AIROGS_ORIGA,external_ACRIMA_balanced,balanced,convnext_tiny_peri,youden,3,618.0,development_validation_only,True,0.668824163969795,0.04097825223996245,0.669 +/- 0.041,0.7892135743082482,0.1594306462839602,0.789 +/- 0.159,0.5210355987055016,0.18286937468720604,0.521 +/- 0.183,0.601596469784554,0.08303538218963342,0.602 +/- 0.083,0.8166127292340885,0.20979095968279193,0.817 +/- 0.210,0.7676291618227711,0.09127629482626523,0.768 +/- 0.091,0.447680690399137,0.16597661949330064,0.448 +/- 0.166,0.3559870550161812,0.17267730190231845,0.356 +/- 0.173,0.2074695944991023,0.023600164781324467,0.207 +/- 0.024,0.10914280962403923,0.0431403773691984,0.109 +/- 0.043,0.47733333333333333,0.03401960219246153,0.477 +/- 0.034,0.7393631381599893,0.7818921016393148,0.739-0.782,0.5825610583363333,0.6383015903442893,0.583-0.638,0.4875503806144883,0.5510977258438864,0.488-0.551,0.7927986837277564,0.8388249852366095,0.793-0.839
AIROGS_ORIGA,external_ACRIMA_balanced,balanced,efficientnet_v2_s_global,youden,3,618.0,development_validation_only,True,0.656418554476807,0.033567115172603225,0.656 +/- 0.034,0.7039909122869051,0.016165993198768998,0.704 +/- 0.016,0.5458468176914778,0.14989560899833224,0.546 +/- 0.150,0.6062844525166318,0.08548397710406494,0.606 +/- 0.085,0.766990291262136,0.08320362545101903,0.767 +/- 0.083,0.7301836665584428,0.012634190423531352,0.730 +/- 0.013,0.2955771305285868,0.030587803406165764,0.296 +/- 0.031,0.14347357065803668,0.01660712439950448,0.143 +/- 0.017,0.2175846407410991,0.0102544560337599,0.218 +/- 0.010,0.08826983965201929,0.03670970759626725,0.088 +/- 0.037,0.5,0.064,0.500 +/- 0.064,0.7042133709302878,0.7481537222631118,0.704-0.748,0.5874391727493917,0.6378745644599303,0.587-0.638,0.5131728925066905,0.5749617419501649,0.513-0.575,0.7416517948103314,0.7918885226504394,0.742-0.792
AIROGS_ORIGA,external_ACRIMA_balanced,balanced,convnext_tiny_disc,youden,3,618.0,development_validation_only,True,0.6467098166127293,0.030801060486017735,0.647 +/- 0.031,0.6423447494760074,0.02948854580723283,0.642 +/- 0.029,0.6645091693635382,0.08958811088239292,0.665 +/- 0.090,0.6511326483854302,0.047260975480741006,0.651 +/- 0.047,0.6289104638619202,0.06867656544723626,0.629 +/- 0.069,0.6990413450494515,0.03636771375614405,0.699 +/- 0.036,0.26105717367853293,0.01347356633958662,0.261 +/- 0.013,0.15533980582524273,0.039237396935217286,0.155 +/- 0.039,0.22254224977543438,0.009276610046857436,0.223 +/- 0.009,0.05998965760264966,0.004950468163670418,0.060 +/- 0.005,0.47066666666666673,0.024110855093366853,0.471 +/- 0.024,0.6713043775560241,0.7180944351124491,0.671-0.718,0.6258580858085808,0.6781908506339036,0.626-0.678,0.6342468244756503,0.6925600115684951,0.634-0.693,0.5954156683568285,0.661531109207437,0.595-0.662
AIROGS_ORIGA,external_ACRIMA_balanced,balanced,convnext_tiny_global,youden,3,618.0,development_validation_only,True,0.5895361380798274,0.007982011104071585,0.590 +/- 0.008,0.6826495883638741,0.0753549959379495,0.683 +/- 0.075,0.36353829557713047,0.10778853071669295,0.364 +/- 0.108,0.4623751093295742,0.0820382085054461,0.462 +/- 0.082,0.8155339805825242,0.10290040838566114,0.816 +/- 0.103,0.5887087483373655,0.022036217695710555,0.589 +/- 0.022,0.27292340884573896,0.018684474731055854,0.273 +/- 0.019,0.20711974110032363,0.011668450729656927,0.207 +/- 0.012,0.25502135566442785,0.010226180005006125,0.255 +/- 0.010,0.12227165608987324,0.04053083085324592,0.122 +/- 0.041,0.4693333333333333,0.07739078325830108,0.469 +/- 0.077,0.5606256680121902,0.6117527852638824,0.561-0.612,0.43722760516384357,0.50224220602286,0.437-0.502,0.33100767723764984,0.39380966798396577,0.331-0.394,0.7884341174723999,0.8391131122052345,0.788-0.839
AIROGS_ORIGA,external_ACRIMA_natural,natural,morfnet_no_bio,f1,3,705.0,development_validation_only,True,0.7059101654846335,0.04052701789900655,0.706 +/- 0.041,0.8309679975013521,0.05856486825285791,0.831 +/- 0.059,0.6111111111111112,0.1465299401656971,0.611 +/- 0.147,0.6928671120899974,0.08581044386818261,0.693 +/- 0.086,0.8274002157497303,0.09541896175834294,0.827 +/- 0.095,0.8210162575049305,0.0033864022443800424,0.821 +/- 0.003,0.5370370370370371,0.041977971851150465,0.537 +/- 0.042,0.4057239057239057,0.01623510229123394,0.406 +/- 0.016,0.2202314000932293,0.038831481146077464,0.220 +/- 0.039,0.18856715660005033,0.09281594860107058,0.189 +/- 0.093,0.37666666666666665,0.0880814017448254,0.377 +/- 0.088,0.781123831189258,0.8190366628264604,0.781-0.819,0.6772484767681474,0.7243699401459057,0.677-0.724,0.5821543238954728,0.639313391969565,0.582-0.639,0.8020039100684262,0.8519235635785212,0.802-0.852
AIROGS_ORIGA,external_ACRIMA_natural,natural,morfnet_full,f1,3,705.0,development_validation_only,True,0.6198581560283688,0.1033418757451744,0.620 +/- 0.103,0.8765664160401002,0.06986044144137603,0.877 +/- 0.070,0.3872053872053873,0.2360447069876842,0.387 +/- 0.236,0.5017107700421505,0.24532493315759119,0.502 +/- 0.245,0.9180151024811218,0.09206726340173406,0.918 +/- 0.092,0.7816964139779673,0.07740015588739398,0.782 +/- 0.077,0.4823232323232323,0.1438285946050317,0.482 +/- 0.144,0.37121212121212116,0.11941000421754432,0.371 +/- 0.119,0.3013606743433584,0.08517938948115335,0.301 +/- 0.085,0.3173080390226757,0.092946864076341,0.317 +/- 0.093,0.3633333333333333,0.1338220211076388,0.363 +/- 0.134,0.7498102797877257,0.7873371470071177,0.750-0.787,0.5056848863473982,0.5600239043824702,0.506-0.560,0.36085420701426,0.4134326481697465,0.361-0.413,0.8992497320471597,0.9355871851695511,0.899-0.936
AIROGS_ORIGA,external_ACRIMA_natural,natural,convnext_tiny_peri,f1,3,705.0,development_validation_only,True,0.6832151300236405,0.07559542940483059,0.683 +/- 0.076,0.7541968045111807,0.11384190981998443,0.754 +/- 0.114,0.6750841750841751,0.13648828322363163,0.675 +/- 0.136,0.7030724797940712,0.07822593599450181,0.703 +/- 0.078,0.6936353829557712,0.21433462560774305,0.694 +/- 0.214,0.7690633410698137,0.08984031812842122,0.769 +/- 0.090,0.45538720538720545,0.16134631301815333,0.455 +/- 0.161,0.3653198653198653,0.16492302896331296,0.365 +/- 0.165,0.2156602491353843,0.024628781141416152,0.216 +/- 0.025,0.14144668038009753,0.058448893944893304,0.141 +/- 0.058,0.40333333333333327,0.012583057392117897,0.403 +/- 0.013,0.7404136942003772,0.7807493149844772,0.740-0.781,0.6826776850545412,0.7266830810939714,0.683-0.727,0.6491690785715339,0.6995974576271187,0.649-0.700,0.665170929954578,0.7244591775008389,0.665-0.724
AIROGS_ORIGA,external_ACRIMA_natural,natural,efficientnet_v2_s_global,f1,3,705.0,development_validation_only,True,0.6794326241134753,0.004913619312252141,0.679 +/- 0.005,0.7116192801634073,0.014334465984270404,0.712 +/- 0.014,0.7239057239057239,0.05102843288292151,0.724 +/- 0.051,0.7167412636091081,0.01697477267460905,0.717 +/- 0.017,0.622437971952535,0.05418497672006196,0.622 +/- 0.054,0.732704608109139,0.006415119403171822,0.733 +/- 0.006,0.30387205387205385,0.023463568795902955,0.304 +/- 0.023,0.15572390572390574,0.023867755688144494,0.156 +/- 0.024,0.2229480343216911,0.013700358944208445,0.223 +/- 0.014,0.12125431719119384,0.04553538551047986,0.121 +/- 0.046,0.3899999999999999,0.03968626966596887,0.390 +/- 0.040,0.7090074329958428,0.7514138709878495,0.709-0.751,0.6983730868614589,0.7385455392555073,0.698-0.739,0.6991748150765712,0.7517804065391438,0.699-0.752,0.5904966880777484,0.655257798047945,0.590-0.655
AIROGS_ORIGA,external_ACRIMA_natural,natural,convnext_tiny_disc,f1,3,705.0,development_validation_only,True,0.6434988179669031,0.04631880813437726,0.643 +/- 0.046,0.6352243527333592,0.04444444239969251,0.635 +/- 0.044,0.8762626262626263,0.055841778756302994,0.876 +/- 0.056,0.7346665245605287,0.019903224811103803,0.735 +/- 0.020,0.34519956850053934,0.16291962000328436,0.345 +/- 0.163,0.7054866355028168,0.039644782059958576,0.705 +/- 0.040,0.26430976430976433,0.007714773897232043,0.264 +/- 0.008,0.1590909090909091,0.04717561033401364,0.159 +/- 0.047,0.2227038553350079,0.013493329063694671,0.223 +/- 0.013,0.08971486914524233,0.01814503256575322,0.090 +/- 0.018,0.37666666666666665,0.04725815626252607,0.377 +/- 0.047,0.679289703393967,0.7237080913282479,0.679-0.724,0.715721464465183,0.75292448506098,0.716-0.753,0.856421286744802,0.8949181739879414,0.856-0.895,0.3160709449105125,0.37613524628283657,0.316-0.376
AIROGS_ORIGA,external_ACRIMA_natural,natural,convnext_tiny_global,f1,3,705.0,development_validation_only,True,0.5692671394799055,0.012713314099053177,0.569 +/- 0.013,0.6879170079170079,0.028819619803310038,0.688 +/- 0.029,0.4292929292929293,0.03535353535353537,0.429 +/- 0.035,0.5276997342636562,0.023375700006422397,0.528 +/- 0.023,0.7486515641855448,0.0453459537367502,0.749 +/- 0.045,0.5893168470029312,0.033421547049855886,0.589 +/- 0.033,0.28114478114478114,0.020254561305582425,0.281 +/- 0.020,0.21548821548821548,0.01826812661128847,0.215 +/- 0.018,0.26686759113772257,0.01880205429063265,0.267 +/- 0.019,0.15962566258495864,0.0697820621966531,0.160 +/- 0.070,0.4366666666666666,0.06658328118479391,0.437 +/- 0.067,0.5623138136328777,0.6140128867541049,0.562-0.614,0.4991928034597136,0.5556719176378133,0.499-0.556,0.39989354819295236,0.4567252146064595,0.400-0.457,0.7210220322306138,0.7754601561477733,0.721-0.775
AIROGS_ORIGA,external_ACRIMA_natural,natural,morfnet_no_bio,high_sensitivity_90,3,705.0,development_validation_only,True,0.723404255319149,0.0102285142566354,0.723 +/- 0.010,0.8214772378093803,0.060047292756155064,0.821 +/- 0.060,0.6590909090909091,0.09435122066802729,0.659 +/- 0.094,0.725726007631735,0.036851505656384904,0.726 +/- 0.037,0.8058252427184467,0.09773248459897406,0.806 +/- 0.098,0.8210162575049305,0.0033864022443800424,0.821 +/- 0.003,0.5370370370370371,0.041977971851150465,0.537 +/- 0.042,0.4057239057239057,0.01623510229123394,0.406 +/- 0.016,0.2202314000932293,0.038831481146077464,0.220 +/- 0.039,0.18856715660005033,0.09281594860107058,0.189 +/- 0.093,0.3266666666666667,0.06885734044626857,0.327 +/- 0.069,0.7817069378321884,0.8168741205937109,0.782-0.817,0.7074886498425293,0.7476620953092967,0.707-0.748,0.6345941003889436,0.6842961558639767,0.635-0.684,0.781193235400798,0.8302420955980993,0.781-0.830
AIROGS_ORIGA,external_ACRIMA_natural,natural,morfnet_full,high_sensitivity_90,3,705.0,development_validation_only,True,0.6709219858156028,0.10625050853930497,0.671 +/- 0.106,0.8397241923554727,0.03630284959973615,0.840 +/- 0.036,0.5176767676767676,0.23918020975297216,0.518 +/- 0.239,0.6146413930035567,0.20016456685561243,0.615 +/- 0.200,0.8673139158576052,0.07401033414905678,0.867 +/- 0.074,0.7816964139779673,0.07740015588739398,0.782 +/- 0.077,0.4823232323232323,0.1438285946050317,0.482 +/- 0.144,0.37121212121212116,0.11941000421754432,0.371 +/- 0.119,0.3013606743433584,0.08517938948115335,0.301 +/- 0.085,0.3173080390226757,0.092946864076341,0.317 +/- 0.093,0.26133333333333336,0.0410528115155751,0.261 +/- 0.041,0.7507482772310331,0.7893448878590678,0.751-0.789,0.6150929805323186,0.6634979684301607,0.615-0.663,0.49106060606060603,0.545624272651704,0.491-0.546,0.8470069826515468,0.8906595005526856,0.847-0.891
AIROGS_ORIGA,external_ACRIMA_natural,natural,convnext_tiny_peri,high_sensitivity_90,3,705.0,development_validation_only,True,0.6898345153664303,0.08927535323031961,0.690 +/- 0.089,0.6986760973836738,0.09544435027140723,0.699 +/- 0.095,0.813973063973064,0.09456500344674719,0.814 +/- 0.095,0.7477576265518843,0.06595543959916947,0.748 +/- 0.066,0.5307443365695793,0.21860835435335346,0.531 +/- 0.219,0.7690633410698137,0.08984031812842122,0.769 +/- 0.090,0.45538720538720545,0.16134631301815333,0.455 +/- 0.161,0.3653198653198653,0.16492302896331296,0.365 +/- 0.165,0.2156602491353843,0.024628781141416152,0.216 +/- 0.025,0.14144668038009753,0.058448893944893304,0.141 +/- 0.058,0.3426666666666667,0.022030282189144428,0.343 +/- 0.022,0.7411446558523109,0.7823985099899323,0.741-0.782,0.7291923795639338,0.7676168839788031,0.729-0.768,0.7916110982693815,0.8387629179331306,0.792-0.839,0.4989426751592357,0.5623029008454575,0.499-0.562
AIROGS_ORIGA,external_ACRIMA_natural,natural,efficientnet_v2_s_global,high_sensitivity_90,3,705.0,development_validation_only,True,0.6836879432624113,0.009827238624504282,0.684 +/- 0.010,0.7072459034913398,0.01584552769009721,0.707 +/- 0.016,0.7483164983164983,0.06567275117774256,0.748 +/- 0.066,0.7257501595129482,0.023308368861885982,0.726 +/- 0.023,0.6008629989212514,0.06539566155869549,0.601 +/- 0.065,0.732704608109139,0.006415119403171822,0.733 +/- 0.006,0.30387205387205385,0.023463568795902955,0.304 +/- 0.023,0.15572390572390574,0.023867755688144494,0.156 +/- 0.024,0.2229480343216911,0.013700358944208445,0.223 +/- 0.014,0.12125431719119384,0.04553538551047986,0.121 +/- 0.046,0.38133333333333336,0.05896891836665594,0.381 +/- 0.059,0.7064680425533403,0.7492014629964995,0.706-0.749,0.7072961330594499,0.7458302748457593,0.707-0.746,0.7231257944368897,0.7699720822837951,0.723-0.770,0.567576344245675,0.6319548421153661,0.568-0.632
AIROGS_ORIGA,external_ACRIMA_natural,natural,convnext_tiny_disc,high_sensitivity_90,3,705.0,development_validation_only,True,0.6193853427895981,0.03592136153800966,0.619 +/- 0.036,0.605486603216895,0.027190481797480792,0.605 +/- 0.027,0.9351851851851851,0.03286064191236217,0.935 +/- 0.033,0.7343845556950205,0.01407699572139205,0.734 +/- 0.014,0.21467098166127294,0.11602441993310682,0.215 +/- 0.116,0.7054866355028168,0.039644782059958576,0.705 +/- 0.040,0.26430976430976433,0.007714773897232043,0.264 +/- 0.008,0.1590909090909091,0.04717561033401364,0.159 +/- 0.047,0.2227038553350079,0.013493329063694671,0.223 +/- 0.013,0.08971486914524233,0.01814503256575322,0.090 +/- 0.018,0.33466666666666667,0.03607399802258313,0.335 +/- 0.036,0.6799168801471551,0.7220395618291929,0.680-0.722,0.7167577365861357,0.7516790971174504,0.717-0.752,0.9220840728302775,0.9490129003843121,0.922-0.949,0.18772551022572231,0.24146503064557842,0.188-0.241
AIROGS_ORIGA,external_ACRIMA_natural,natural,convnext_tiny_global,high_sensitivity_90,3,705.0,development_validation_only,True,0.5621749408983452,0.03769777638823194,0.562 +/- 0.038,0.6228582894280569,0.05195741694832699,0.623 +/- 0.052,0.5867003367003366,0.12177199542104461,0.587 +/- 0.122,0.5973484156655333,0.0531557307913052,0.597 +/- 0.053,0.5307443365695793,0.18795318570526348,0.531 +/- 0.188,0.5893168470029312,0.033421547049855886,0.589 +/- 0.033,0.28114478114478114,0.020254561305582425,0.281 +/- 0.020,0.21548821548821548,0.01826812661128847,0.215 +/- 0.018,0.26686759113772257,0.01880205429063265,0.267 +/- 0.019,0.15962566258495864,0.0697820621966531,0.160 +/- 0.070,0.3666666666666667,0.047721413781795424,0.367 +/- 0.048,0.5625815727187075,0.6105263371256212,0.563-0.611,0.5770763971101417,0.6240435849825576,0.577-0.624,0.558930262233368,0.6140058960258518,0.559-0.614,0.49704811953096256,0.5616169977924944,0.497-0.562
AIROGS_ORIGA,external_ACRIMA_natural,natural,morfnet_no_bio,high_specificity_90,3,705.0,development_validation_only,True,0.6009456264775414,0.04506383946078054,0.601 +/- 0.045,0.9483656451949134,0.024172526407897688,0.948 +/- 0.024,0.3080808080808081,0.0919899272731666,0.308 +/- 0.092,0.4588579562656332,0.10759129417494416,0.459 +/- 0.108,0.9762675296655878,0.015293901703082861,0.976 +/- 0.015,0.8210162575049305,0.0033864022443800424,0.821 +/- 0.003,0.5370370370370371,0.041977971851150465,0.537 +/- 0.042,0.4057239057239057,0.01623510229123394,0.406 +/- 0.016,0.2202314000932293,0.038831481146077464,0.220 +/- 0.039,0.18856715660005033,0.09281594860107058,0.189 +/- 0.093,0.7040000000000001,0.08089499366462674,0.704 +/- 0.081,0.7822138418847506,0.8180847750659981,0.782-0.818,0.42943923994697303,0.4926021711366539,0.429-0.493,0.2795371587390078,0.3312492652533407,0.280-0.331,0.9663450736385433,0.9866812063128003,0.966-0.987
AIROGS_ORIGA,external_ACRIMA_natural,natural,morfnet_full,high_specificity_90,3,705.0,development_validation_only,True,0.5300236406619385,0.07872446914279872,0.530 +/- 0.079,0.9713184931506849,0.027487410542257954,0.971 +/- 0.027,0.17003367003367006,0.14524776032607237,0.170 +/- 0.145,0.2706566525183365,0.21538975492652473,0.271 +/- 0.215,0.9913700107874867,0.0074737898924223155,0.991 +/- 0.007,0.7816964139779673,0.07740015588739398,0.782 +/- 0.077,0.4823232323232323,0.1438285946050317,0.482 +/- 0.144,0.37121212121212116,0.11941000421754432,0.371 +/- 0.119,0.3013606743433584,0.08517938948115335,0.301 +/- 0.085,0.3173080390226757,0.092946864076341,0.317 +/- 0.093,0.5946666666666668,0.06478682993736715,0.595 +/- 0.065,0.747322542226818,0.7878496589014697,0.747-0.788,0.2572489224962383,0.3178912541075362,0.257-0.318,0.14864681100682595,0.1904565217391304,0.149-0.190,0.9843701536265355,0.9968581434865939,0.984-0.997
AIROGS_ORIGA,external_ACRIMA_natural,natural,convnext_tiny_peri,high_specificity_90,3,705.0,development_validation_only,True,0.5782505910165484,0.033636267445545924,0.578 +/- 0.034,0.9128083578792342,0.06508947124535462,0.913 +/- 0.065,0.27525252525252525,0.05044187968544995,0.275 +/- 0.050,0.4216196991213692,0.06450123992976668,0.422 +/- 0.065,0.9665587918015103,0.02752394999390092,0.967 +/- 0.028,0.7690633410698137,0.08984031812842122,0.769 +/- 0.090,0.45538720538720545,0.16134631301815333,0.455 +/- 0.161,0.3653198653198653,0.16492302896331296,0.365 +/- 0.165,0.2156602491353843,0.024628781141416152,0.216 +/- 0.025,0.14144668038009753,0.058448893944893304,0.141 +/- 0.058,0.6000000000000001,0.03555277766926233,0.600 +/- 0.036,0.7399041696997533,0.7807509418001892,0.740-0.781,0.3915349168416937,0.45424738546448656,0.392-0.454,0.24958878086256941,0.30123385157127636,0.250-0.301,0.9551832963008322,0.9778141323672981,0.955-0.978
AIROGS_ORIGA,external_ACRIMA_natural,natural,efficientnet_v2_s_global,high_specificity_90,3,705.0,development_validation_only,True,0.5191489361702127,0.013970011066377474,0.519 +/- 0.014,0.8021305011137486,0.023658391161974334,0.802 +/- 0.024,0.19107744107744107,0.02904955206521447,0.191 +/- 0.029,0.30792651257318904,0.0385704641027413,0.308 +/- 0.039,0.9395900755124056,0.011365322279237077,0.940 +/- 0.011,0.732704608109139,0.006415119403171822,0.733 +/- 0.006,0.30387205387205385,0.023463568795902955,0.304 +/- 0.023,0.15572390572390574,0.023867755688144494,0.156 +/- 0.024,0.2229480343216911,0.013700358944208445,0.223 +/- 0.014,0.12125431719119384,0.04553538551047986,0.121 +/- 0.046,0.6866666666666666,0.04822171018673365,0.687 +/- 0.048,0.7069529046496318,0.7496472451301367,0.707-0.750,0.27765622623883907,0.3370697950176116,0.278-0.337,0.16795578473210052,0.21232605819351455,0.168-0.212,0.9240168157780354,0.9545214912723237,0.924-0.955
AIROGS_ORIGA,external_ACRIMA_natural,natural,convnext_tiny_disc,high_specificity_90,3,705.0,development_validation_only,True,0.5607565011820331,0.02270980606812826,0.561 +/- 0.023,0.7820806483512945,0.020849909925138854,0.782 +/- 0.021,0.3047138047138047,0.07072210037473052,0.305 +/- 0.071,0.4346060327745778,0.07008343275411125,0.435 +/- 0.070,0.8888888888888888,0.0390143286300434,0.889 +/- 0.039,0.7054866355028168,0.039644782059958576,0.705 +/- 0.040,0.26430976430976433,0.007714773897232043,0.264 +/- 0.008,0.1590909090909091,0.04717561033401364,0.159 +/- 0.047,0.2227038553350079,0.013493329063694671,0.223 +/- 0.013,0.08971486914524233,0.01814503256575322,0.090 +/- 0.018,0.6000000000000001,0.024331050121192837,0.600 +/- 0.024,0.6791305523205017,0.7217525412790567,0.679-0.722,0.40813829899125115,0.4641636690647482,0.408-0.464,0.2796805592652709,0.32831632974368663,0.280-0.328,0.8680359778742869,0.9066622368954256,0.868-0.907
AIROGS_ORIGA,external_ACRIMA_natural,natural,convnext_tiny_global,high_specificity_90,3,705.0,development_validation_only,True,0.5078014184397163,0.028474978581396797,0.508 +/- 0.028,0.9141153537438367,0.026192026667160636,0.914 +/- 0.026,0.13804713804713806,0.0608859977105223,0.138 +/- 0.061,0.23587863008321508,0.09035522229767827,0.236 +/- 0.090,0.9816612729234088,0.01307913231173905,0.982 +/- 0.013,0.5893168470029312,0.033421547049855886,0.589 +/- 0.033,0.28114478114478114,0.020254561305582425,0.281 +/- 0.020,0.21548821548821548,0.01826812661128847,0.215 +/- 0.018,0.26686759113772257,0.01880205429063265,0.267 +/- 0.019,0.15962566258495864,0.0697820621966531,0.160 +/- 0.070,0.6360000000000001,0.03555277766926233,0.636 +/- 0.036,0.5626712688057365,0.6099087411746111,0.563-0.610,0.21150402012612826,0.2671906655089948,0.212-0.267,0.12014865728900256,0.15660175303289284,0.120-0.157,0.9721627408993576,0.9901480499279793,0.972-0.990
AIROGS_ORIGA,external_ACRIMA_natural,natural,morfnet_no_bio,youden,3,705.0,development_validation_only,True,0.6501182033096926,0.028167131931170625,0.650 +/- 0.028,0.907526145843665,0.01811333927913655,0.908 +/- 0.018,0.42087542087542085,0.06314814590407761,0.421 +/- 0.063,0.5726982388979135,0.05802593398559258,0.573 +/- 0.058,0.9439050701186623,0.018402073472742173,0.944 +/- 0.018,0.8210162575049305,0.0033864022443800424,0.821 +/- 0.003,0.5370370370370371,0.041977971851150465,0.537 +/- 0.042,0.4057239057239057,0.01623510229123394,0.406 +/- 0.016,0.2202314000932293,0.038831481146077464,0.220 +/- 0.039,0.18856715660005033,0.09281594860107058,0.189 +/- 0.093,0.5640000000000001,0.08827230596285564,0.564 +/- 0.088,0.7816664436125351,0.8173129172077896,0.782-0.817,0.5499122842610515,0.6020247476146119,0.550-0.602,0.3952189937670287,0.4484345792960586,0.395-0.448,0.9285510287408735,0.9595057624113474,0.929-0.960
AIROGS_ORIGA,external_ACRIMA_natural,natural,morfnet_full,youden,3,705.0,development_validation_only,True,0.583451536643026,0.08735024646060939,0.583 +/- 0.087,0.9158351848804038,0.018825045760824673,0.916 +/- 0.019,0.281986531986532,0.16455529276332675,0.282 +/- 0.165,0.41408527960494806,0.20206006348277042,0.414 +/- 0.202,0.9697950377562027,0.01225222944077727,0.970 +/- 0.012,0.7816964139779673,0.07740015588739398,0.782 +/- 0.077,0.4823232323232323,0.1438285946050317,0.482 +/- 0.144,0.37121212121212116,0.11941000421754432,0.371 +/- 0.119,0.3013606743433584,0.08517938948115335,0.301 +/- 0.085,0.3173080390226757,0.092946864076341,0.317 +/- 0.093,0.4306666666666667,0.05828664798505174,0.431 +/- 0.058,0.7492193654200617,0.7869514757555423,0.749-0.787,0.4013108408863658,0.4622257629611472,0.401-0.462,0.25779195833454355,0.30724705905190824,0.258-0.307,0.9576325474410581,0.9802903745844646,0.958-0.980
AIROGS_ORIGA,external_ACRIMA_natural,natural,convnext_tiny_peri,youden,3,705.0,development_validation_only,True,0.6491725768321513,0.03934306205714368,0.649 +/- 0.039,0.8235059217702977,0.13745501533682566,0.824 +/- 0.137,0.5185185185185185,0.17992018129978748,0.519 +/- 0.180,0.613414475874483,0.09188379734476115,0.613 +/- 0.092,0.8166127292340885,0.20979095968279193,0.817 +/- 0.210,0.7690633410698137,0.08984031812842122,0.769 +/- 0.090,0.45538720538720545,0.16134631301815333,0.455 +/- 0.161,0.3653198653198653,0.16492302896331296,0.365 +/- 0.165,0.2156602491353843,0.024628781141416152,0.216 +/- 0.025,0.14144668038009753,0.058448893944893304,0.141 +/- 0.058,0.47733333333333333,0.03401960219246153,0.477 +/- 0.034,0.740356250748868,0.7786706038231609,0.740-0.779,0.5993703413990833,0.6477732793522267,0.599-0.648,0.4908259046637921,0.5487336686386162,0.491-0.549,0.7927760415397841,0.8396885227769761,0.793-0.840
AIROGS_ORIGA,external_ACRIMA_natural,natural,efficientnet_v2_s_global,youden,3,705.0,development_validation_only,True,0.6425531914893617,0.04404021190428376,0.643 +/- 0.044,0.7530658319489394,0.017632012009133325,0.753 +/- 0.018,0.5454545454545454,0.1422010931848595,0.545 +/- 0.142,0.6246495885992437,0.08774341611458814,0.625 +/- 0.088,0.766990291262136,0.08320362545101903,0.767 +/- 0.083,0.732704608109139,0.006415119403171822,0.733 +/- 0.006,0.30387205387205385,0.023463568795902955,0.304 +/- 0.023,0.15572390572390574,0.023867755688144494,0.156 +/- 0.024,0.2229480343216911,0.013700358944208445,0.223 +/- 0.014,0.12125431719119384,0.04553538551047986,0.121 +/- 0.046,0.5,0.064,0.500 +/- 0.064,0.7094080837807905,0.7484125322881616,0.709-0.748,0.6076992979328132,0.6560873575951673,0.608-0.656,0.5149987916633102,0.5721401380334871,0.515-0.572,0.7391392863867445,0.7942948381827841,0.739-0.794
AIROGS_ORIGA,external_ACRIMA_natural,natural,convnext_tiny_disc,youden,3,705.0,development_validation_only,True,0.6557919621749408,0.03504244721264828,0.656 +/- 0.035,0.7009765410032319,0.028911783989589497,0.701 +/- 0.029,0.6767676767676768,0.08268033102901468,0.677 +/- 0.083,0.6868118729105075,0.04660802405359513,0.687 +/- 0.047,0.6289104638619202,0.06867656544723626,0.629 +/- 0.069,0.7054866355028168,0.039644782059958576,0.705 +/- 0.040,0.26430976430976433,0.007714773897232043,0.264 +/- 0.008,0.1590909090909091,0.04717561033401364,0.159 +/- 0.047,0.2227038553350079,0.013493329063694671,0.223 +/- 0.013,0.08971486914524233,0.01814503256575322,0.090 +/- 0.018,0.47066666666666673,0.024110855093366853,0.471 +/- 0.024,0.6780567180209683,0.7227540742220263,0.678-0.723,0.667226265157271,0.7086404339835858,0.667-0.709,0.6490554683577417,0.7013572191005578,0.649-0.701,0.5939523756147455,0.6577181395920018,0.594-0.658
AIROGS_ORIGA,external_ACRIMA_natural,natural,convnext_tiny_global,youden,3,705.0,development_validation_only,True,0.5645390070921986,0.023350464727878446,0.565 +/- 0.023,0.7350338950733404,0.06081041340778732,0.735 +/- 0.061,0.3686868686868687,0.12012878679056864,0.369 +/- 0.120,0.47860108047715616,0.10156195024183226,0.479 +/- 0.102,0.8155339805825242,0.10290040838566114,0.816 +/- 0.103,0.5893168470029312,0.033421547049855886,0.589 +/- 0.033,0.28114478114478114,0.020254561305582425,0.281 +/- 0.020,0.21548821548821548,0.01826812661128847,0.215 +/- 0.018,0.26686759113772257,0.01880205429063265,0.267 +/- 0.019,0.15962566258495864,0.0697820621966531,0.160 +/- 0.070,0.4693333333333333,0.07739078325830108,0.469 +/- 0.077,0.5633495029155482,0.6136747956389697,0.563-0.614,0.45950957929485536,0.5170960835422039,0.460-0.517,0.3406498485129537,0.39865996649916247,0.341-0.399,0.78969411938972,0.8430196483971044,0.790-0.843
AIROGS_ORIGA,external_REFUGE2_balanced,balanced,morfnet_full,f1,3,80.0,development_validation_only,True,0.7958333333333334,0.040181878170803965,0.796 +/- 0.040,0.9222222222222222,0.039081903277076994,0.922 +/- 0.039,0.6499999999999999,0.1089724735885168,0.650 +/- 0.109,0.7573133009279717,0.0692444081857202,0.757 +/- 0.069,0.9416666666666668,0.038188130791298645,0.942 +/- 0.038,0.8651041666666667,0.017185605956245284,0.865 +/- 0.017,0.7333333333333334,0.014433756729740658,0.733 +/- 0.014,0.6666666666666666,0.08036375634160797,0.667 +/- 0.080,0.18193800793893997,0.030384712361064995,0.182 +/- 0.030,0.19040824572245277,0.03856010222517817,0.190 +/- 0.039,0.3633333333333333,0.1338220211076388,0.363 +/- 0.134,0.8056189687991028,0.9014865076691508,0.806-0.901,0.6920563051375195,0.8260046517637938,0.692-0.826,0.5640990308903695,0.7429947575360419,0.564-0.743,0.8934426229508197,0.9802099686028257,0.893-0.980
AIROGS_ORIGA,external_REFUGE2_balanced,balanced,morfnet_no_bio,f1,3,80.0,development_validation_only,True,0.7708333333333334,0.019094065395649326,0.771 +/- 0.019,0.9161967065192872,0.042211509641194904,0.916 +/- 0.042,0.6,0.07500000000000001,0.600 +/- 0.075,0.721751820797709,0.041846057734811426,0.722 +/- 0.042,0.9416666666666665,0.038188130791298645,0.942 +/- 0.038,0.8395833333333332,0.01985625426240642,0.840 +/- 0.020,0.6750000000000002,0.024999999999999967,0.675 +/- 0.025,0.625,0.025000000000000022,0.625 +/- 0.025,0.19689088038733948,0.0077874613203325485,0.197 +/- 0.008,0.19414990743001304,0.006859065788039277,0.194 +/- 0.007,0.37666666666666665,0.0880814017448254,0.377 +/- 0.088,0.7811409906070188,0.889752886399543,0.781-0.890,0.6443826473859844,0.7893385490753912,0.644-0.789,0.5045494149863082,0.6907724628312862,0.505-0.691,0.8986743896750117,0.9823823940381928,0.899-0.982
AIROGS_ORIGA,external_REFUGE2_balanced,balanced,convnext_tiny_peri,f1,3,80.0,development_validation_only,True,0.7708333333333334,0.040181878170804,0.771 +/- 0.040,0.8416666666666668,0.029087599340168135,0.842 +/- 0.029,0.6666666666666666,0.08036375634160797,0.667 +/- 0.080,0.7425272331154685,0.057249877914490155,0.743 +/- 0.057,0.875,0.025000000000000022,0.875 +/- 0.025,0.8264583333333334,0.026773670407385895,0.826 +/- 0.027,0.6583333333333333,0.09464847243000452,0.658 +/- 0.095,0.5083333333333334,0.08779711460710615,0.508 +/- 0.088,0.17864707026941082,0.020472541959568304,0.179 +/- 0.020,0.12072118123372395,0.03292381559878408,0.121 +/- 0.033,0.40333333333333327,0.012583057392117897,0.403 +/- 0.013,0.7641157822989024,0.8681092257953619,0.764-0.868,0.6822351322427764,0.8035714285714286,0.682-0.804,0.5850762300762301,0.7490345528455284,0.585-0.749,0.8137465510445409,0.9291573660714285,0.814-0.929
AIROGS_ORIGA,external_REFUGE2_balanced,balanced,convnext_tiny_disc,f1,3,80.0,development_validation_only,True,0.7125,0.02165063509461102,0.713 +/- 0.022,0.8504428904428906,0.03791637367808461,0.850 +/- 0.038,0.5166666666666667,0.0381881307912987,0.517 +/- 0.038,0.642063313031055,0.032388270559471924,0.642 +/- 0.032,0.9083333333333333,0.028867513459481315,0.908 +/- 0.029,0.8044791666666665,0.040529133682862505,0.804 +/- 0.041,0.5583333333333333,0.06291528696058958,0.558 +/- 0.063,0.4583333333333333,0.08036375634160799,0.458 +/- 0.080,0.20420482622769973,0.013243170752906342,0.204 +/- 0.013,0.16366856892903647,0.0333379925823772,0.164 +/- 0.033,0.37666666666666665,0.04725815626252607,0.377 +/- 0.047,0.7374867755889097,0.8457116422395544,0.737-0.846,0.5579860793112922,0.7194746543778802,0.558-0.719,0.4220939998656185,0.6051543346625313,0.422-0.605,0.8576492537313433,0.9628138528138528,0.858-0.963
AIROGS_ORIGA,external_REFUGE2_balanced,balanced,convnext_tiny_global,f1,3,80.0,development_validation_only,True,0.7041666666666666,0.0314576434802948,0.704 +/- 0.031,0.8756613756613757,0.08411700050573884,0.876 +/- 0.084,0.4833333333333334,0.07637626158259735,0.483 +/- 0.076,0.618173555459493,0.057710263930630196,0.618 +/- 0.058,0.9249999999999999,0.06614378277661476,0.925 +/- 0.066,0.8019791666666668,0.025701739767637045,0.802 +/- 0.026,0.5499999999999999,0.043301270189221905,0.550 +/- 0.043,0.45,0.06614378277661477,0.450 +/- 0.066,0.20369302217538157,0.016384681169765294,0.204 +/- 0.016,0.1377232869466146,0.03826141324206499,0.138 +/- 0.038,0.4366666666666666,0.06658328118479391,0.437 +/- 0.067,0.728908831921368,0.8462883441091954,0.729-0.846,0.5321493313267435,0.6984924432292853,0.532-0.698,0.3953983800314076,0.576271186440678,0.395-0.576,0.870121052631579,0.9692471590909091,0.870-0.969
AIROGS_ORIGA,external_REFUGE2_balanced,balanced,efficientnet_v2_s_global,f1,3,80.0,development_validation_only,True,0.7666666666666666,0.019094065395649326,0.767 +/- 0.019,0.8562485065710872,0.07224459869596599,0.856 +/- 0.072,0.65,0.06614378277661478,0.650 +/- 0.066,0.7350325977457186,0.026481943230807055,0.735 +/- 0.026,0.8833333333333334,0.07637626158259729,0.883 +/- 0.076,0.7985416666666666,0.014837443835894833,0.799 +/- 0.015,0.6833333333333332,0.014433756729740593,0.683 +/- 0.014,0.5416666666666666,0.08779711460710615,0.542 +/- 0.088,0.20608480264199894,0.016401119427165812,0.206 +/- 0.016,0.19166857401529946,0.04423038652932031,0.192 +/- 0.044,0.3899999999999999,0.03968626966596887,0.390 +/- 0.040,0.7274795291929844,0.8422926013670889,0.727-0.842,0.6632273521469794,0.7981193514088252,0.663-0.798,0.5601637931034483,0.7340446127946126,0.560-0.734,0.8253968253968254,0.9357798165137615,0.825-0.936
AIROGS_ORIGA,external_REFUGE2_balanced,balanced,morfnet_full,high_sensitivity_90,3,80.0,development_validation_only,True,0.7916666666666666,0.02602082499332669,0.792 +/- 0.026,0.880892255892256,0.0071795968473198305,0.881 +/- 0.007,0.6749999999999999,0.06614378277661476,0.675 +/- 0.066,0.7629054120569148,0.041120505135706,0.763 +/- 0.041,0.9083333333333333,0.014433756729740658,0.908 +/- 0.014,0.8651041666666667,0.017185605956245284,0.865 +/- 0.017,0.7333333333333334,0.014433756729740658,0.733 +/- 0.014,0.6666666666666666,0.08036375634160797,0.667 +/- 0.080,0.18193800793893997,0.030384712361064995,0.182 +/- 0.030,0.19040824572245277,0.03856010222517817,0.190 +/- 0.039,0.26133333333333336,0.0410528115155751,0.261 +/- 0.041,0.8030212889897824,0.9020705508493886,0.803-0.902,0.6975491949910555,0.8258233117483811,0.698-0.826,0.5898868110236221,0.7595183813052151,0.590-0.760,0.8596508843747587,0.956537356321839,0.860-0.957
AIROGS_ORIGA,external_REFUGE2_balanced,balanced,morfnet_no_bio,high_sensitivity_90,3,80.0,development_validation_only,True,0.7708333333333334,0.019094065395649326,0.771 +/- 0.019,0.9061234464460272,0.04333941184952844,0.906 +/- 0.043,0.6083333333333333,0.07637626158259735,0.608 +/- 0.076,0.7244256175891528,0.04262423561598817,0.724 +/- 0.043,0.9333333333333332,0.038188130791298645,0.933 +/- 0.038,0.8395833333333332,0.01985625426240642,0.840 +/- 0.020,0.6750000000000002,0.024999999999999967,0.675 +/- 0.025,0.625,0.025000000000000022,0.625 +/- 0.025,0.19689088038733948,0.0077874613203325485,0.197 +/- 0.008,0.19414990743001304,0.006859065788039277,0.194 +/- 0.007,0.3266666666666667,0.06885734044626857,0.327 +/- 0.069,0.7875962975543478,0.8857065984462619,0.788-0.886,0.6500973337933074,0.7938493237115027,0.650-0.794,0.5198682961556716,0.6898540583766493,0.520-0.690,0.8858881189792124,0.9743680596142607,0.886-0.974
AIROGS_ORIGA,external_REFUGE2_balanced,balanced,convnext_tiny_peri,high_sensitivity_90,3,80.0,development_validation_only,True,0.7416666666666667,0.019094065395649316,0.742 +/- 0.019,0.7459349593495935,0.012693085362598382,0.746 +/- 0.013,0.7333333333333334,0.0520416499866533,0.733 +/- 0.052,0.7388997184318823,0.027499150412459046,0.739 +/- 0.027,0.75,0.025000000000000022,0.750 +/- 0.025,0.8264583333333334,0.026773670407385895,0.826 +/- 0.027,0.6583333333333333,0.09464847243000452,0.658 +/- 0.095,0.5083333333333334,0.08779711460710615,0.508 +/- 0.088,0.17864707026941082,0.020472541959568304,0.179 +/- 0.020,0.12072118123372395,0.03292381559878408,0.121 +/- 0.033,0.3426666666666667,0.022030282189144428,0.343 +/- 0.022,0.7642813102255365,0.8682366750896162,0.764-0.868,0.6666666666666666,0.7983377751626748,0.667-0.798,0.6460884469182732,0.8127667682926829,0.646-0.813,0.6752142386288728,0.8300910232266164,0.675-0.830
AIROGS_ORIGA,external_REFUGE2_balanced,balanced,convnext_tiny_disc,high_sensitivity_90,3,80.0,development_validation_only,True,0.7374999999999999,0.012500000000000011,0.737 +/- 0.013,0.8150072150072151,0.0369904068571708,0.815 +/- 0.037,0.6166666666666667,0.028867513459481315,0.617 +/- 0.029,0.7013084685929166,0.013884270549473231,0.701 +/- 0.014,0.8583333333333333,0.0381881307912987,0.858 +/- 0.038,0.8044791666666665,0.040529133682862505,0.804 +/- 0.041,0.5583333333333333,0.06291528696058958,0.558 +/- 0.063,0.4583333333333333,0.08036375634160799,0.458 +/- 0.080,0.20420482622769973,0.013243170752906342,0.204 +/- 0.013,0.16366856892903647,0.0333379925823772,0.164 +/- 0.033,0.33466666666666667,0.03607399802258313,0.335 +/- 0.036,0.7415226665015645,0.8496249668930128,0.742-0.850,0.6307002439374373,0.7659728122344944,0.631-0.766,0.5243675889328063,0.701687181663837,0.524-0.702,0.7850677339901477,0.9138582677165354,0.785-0.914
AIROGS_ORIGA,external_REFUGE2_balanced,balanced,convnext_tiny_global,high_sensitivity_90,3,80.0,development_validation_only,True,0.6875,0.04330127018922197,0.688 +/- 0.043,0.7444804295281496,0.1184005876007172,0.744 +/- 0.118,0.6083333333333334,0.09464847243000458,0.608 +/- 0.095,0.6593982149537705,0.036457923312840285,0.659 +/- 0.036,0.7666666666666666,0.15069284433354274,0.767 +/- 0.151,0.8019791666666668,0.025701739767637045,0.802 +/- 0.026,0.5499999999999999,0.043301270189221905,0.550 +/- 0.043,0.45,0.06614378277661477,0.450 +/- 0.066,0.20369302217538157,0.016384681169765294,0.204 +/- 0.016,0.1377232869466146,0.03826141324206499,0.138 +/- 0.038,0.3666666666666667,0.047721413781795424,0.367 +/- 0.048,0.7337043688252944,0.8404961158645341,0.734-0.840,0.5823389675650982,0.733486171761281,0.582-0.733,0.5160210669384981,0.6939971751412429,0.516-0.694,0.6970810344827586,0.8376290925071412,0.697-0.838
AIROGS_ORIGA,external_REFUGE2_balanced,balanced,efficientnet_v2_s_global,high_sensitivity_90,3,80.0,development_validation_only,True,0.7791666666666667,0.014433756729740658,0.779 +/- 0.014,0.86563122262047,0.06313234934544319,0.866 +/- 0.063,0.6666666666666666,0.03818813079129865,0.667 +/- 0.038,0.7511662345549249,0.008140599722236092,0.751 +/- 0.008,0.8916666666666666,0.06291528696058958,0.892 +/- 0.063,0.7985416666666666,0.014837443835894833,0.799 +/- 0.015,0.6833333333333332,0.014433756729740593,0.683 +/- 0.014,0.5416666666666666,0.08779711460710615,0.542 +/- 0.088,0.20608480264199894,0.016401119427165812,0.206 +/- 0.016,0.19166857401529946,0.04423038652932031,0.192 +/- 0.044,0.38133333333333336,0.05896891836665594,0.381 +/- 0.059,0.7197043568767254,0.847754259225431,0.720-0.848,0.6785737128237928,0.8124108513135325,0.679-0.812,0.5807558760683761,0.75,0.581-0.750,0.8305528846153847,0.9423977103373526,0.831-0.942
AIROGS_ORIGA,external_REFUGE2_balanced,balanced,morfnet_full,high_specificity_90,3,80.0,development_validation_only,True,0.7333333333333334,0.03608439182435161,0.733 +/- 0.036,0.9682539682539683,0.05498573992282149,0.968 +/- 0.055,0.48333333333333334,0.06291528696058961,0.483 +/- 0.063,0.6430398223657151,0.059206878792072946,0.643 +/- 0.059,0.9833333333333334,0.028867513459481315,0.983 +/- 0.029,0.8651041666666667,0.017185605956245284,0.865 +/- 0.017,0.7333333333333334,0.014433756729740658,0.733 +/- 0.014,0.6666666666666666,0.08036375634160797,0.667 +/- 0.080,0.18193800793893997,0.030384712361064995,0.182 +/- 0.030,0.19040824572245277,0.03856010222517817,0.190 +/- 0.039,0.5946666666666668,0.06478682993736715,0.595 +/- 0.065,0.8064975848413586,0.9022017208878078,0.806-0.902,0.550866429878377,0.7136138613861386,0.551-0.714,0.3855365223012282,0.5598590005844535,0.386-0.560,0.9606119791666666,1.0,0.961-1.000
AIROGS_ORIGA,external_REFUGE2_balanced,balanced,morfnet_no_bio,high_specificity_90,3,80.0,development_validation_only,True,0.7041666666666666,0.00721687836487036,0.704 +/- 0.007,0.9639376218323586,0.0312651363203615,0.964 +/- 0.031,0.425,0.024999999999999994,0.425 +/- 0.025,0.5892683198352398,0.019551060249467647,0.589 +/- 0.020,0.9833333333333334,0.014433756729740658,0.983 +/- 0.014,0.8395833333333332,0.01985625426240642,0.840 +/- 0.020,0.6750000000000002,0.024999999999999967,0.675 +/- 0.025,0.625,0.025000000000000022,0.625 +/- 0.025,0.19689088038733948,0.0077874613203325485,0.197 +/- 0.008,0.19414990743001304,0.006859065788039277,0.194 +/- 0.007,0.7040000000000001,0.08089499366462674,0.704 +/- 0.081,0.7917697469533093,0.8844636223304542,0.792-0.884,0.495285061815891,0.6650510204081631,0.495-0.665,0.3333333333333333,0.5087000907441016,0.333-0.509,0.9537037037037037,1.0,0.954-1.000
AIROGS_ORIGA,external_REFUGE2_balanced,balanced,convnext_tiny_peri,high_specificity_90,3,80.0,development_validation_only,True,0.6916666666666668,0.0505181485540923,0.692 +/- 0.051,0.9063492063492063,0.043208436789892654,0.906 +/- 0.043,0.425,0.09013878188659973,0.425 +/- 0.090,0.5761549925484352,0.09380641160355767,0.576 +/- 0.094,0.9583333333333334,0.014433756729740658,0.958 +/- 0.014,0.8264583333333334,0.026773670407385895,0.826 +/- 0.027,0.6583333333333333,0.09464847243000452,0.658 +/- 0.095,0.5083333333333334,0.08779711460710615,0.508 +/- 0.088,0.17864707026941082,0.020472541959568304,0.179 +/- 0.020,0.12072118123372395,0.03292381559878408,0.121 +/- 0.033,0.6000000000000001,0.03555277766926233,0.600 +/- 0.036,0.7587277199074074,0.8693360564763665,0.759-0.869,0.5,0.664887640449438,0.500-0.665,0.3445378151260504,0.5134204228161149,0.345-0.513,0.9240332573707449,0.9915284062342886,0.924-0.992
AIROGS_ORIGA,external_REFUGE2_balanced,balanced,convnext_tiny_disc,high_specificity_90,3,80.0,development_validation_only,True,0.6750000000000002,0.012500000000000013,0.675 +/- 0.013,1.0,0.0,1.000 +/- 0.000,0.3499999999999999,0.024999999999999994,0.350 +/- 0.025,0.5181797005696377,0.027445822416138493,0.518 +/- 0.027,1.0,0.0,1.000 +/- 0.000,0.8044791666666665,0.040529133682862505,0.804 +/- 0.041,0.5583333333333333,0.06291528696058958,0.558 +/- 0.063,0.4583333333333333,0.08036375634160799,0.458 +/- 0.080,0.20420482622769973,0.013243170752906342,0.204 +/- 0.013,0.16366856892903647,0.0333379925823772,0.164 +/- 0.033,0.6000000000000001,0.024331050121192837,0.600 +/- 0.024,0.7354026198502942,0.8502599903354796,0.735-0.850,0.41464397671294223,0.6187632671896631,0.415-0.619,0.26154668567355666,0.44797794117647055,0.262-0.448,1.0,1.0,1.000-1.000
AIROGS_ORIGA,external_REFUGE2_balanced,balanced,convnext_tiny_global,high_specificity_90,3,80.0,development_validation_only,True,0.6291666666666667,0.0505181485540923,0.629 +/- 0.051,1.0,0.0,1.000 +/- 0.000,0.25833333333333336,0.10103629710818451,0.258 +/- 0.101,0.40358687758517253,0.13105257890285257,0.404 +/- 0.131,1.0,0.0,1.000 +/- 0.000,0.8019791666666668,0.025701739767637045,0.802 +/- 0.026,0.5499999999999999,0.043301270189221905,0.550 +/- 0.043,0.45,0.06614378277661477,0.450 +/- 0.066,0.20369302217538157,0.016384681169765294,0.204 +/- 0.016,0.1377232869466146,0.03826141324206499,0.138 +/- 0.038,0.6360000000000001,0.03555277766926233,0.636 +/- 0.036,0.7344666914325096,0.839742374808236,0.734-0.840,0.30319831091648425,0.5,0.303-0.500,0.17868861364624078,0.3333333333333333,0.179-0.333,1.0,1.0,1.000-1.000
AIROGS_ORIGA,external_REFUGE2_balanced,balanced,efficientnet_v2_s_global,high_specificity_90,3,80.0,development_validation_only,True,0.5958333333333333,0.019094065395649375,0.596 +/- 0.019,1.0,0.0,1.000 +/- 0.000,0.19166666666666665,0.03818813079129867,0.192 +/- 0.038,0.32051661244207824,0.054383444362802645,0.321 +/- 0.054,1.0,0.0,1.000 +/- 0.000,0.7985416666666666,0.014837443835894833,0.799 +/- 0.015,0.6833333333333332,0.014433756729740593,0.683 +/- 0.014,0.5416666666666666,0.08779711460710615,0.542 +/- 0.088,0.20608480264199894,0.016401119427165812,0.206 +/- 0.016,0.19166857401529946,0.04423038652932031,0.192 +/- 0.044,0.6866666666666666,0.04822171018673365,0.687 +/- 0.048,0.7260305066057803,0.8418679199273713,0.726-0.842,0.2148076923076923,0.41401626016260157,0.215-0.414,0.12032758620689656,0.26104718810601163,0.120-0.261,1.0,1.0,1.000-1.000
AIROGS_ORIGA,external_REFUGE2_balanced,balanced,morfnet_full,youden,3,80.0,development_validation_only,True,0.7833333333333333,0.050518148554092264,0.783 +/- 0.051,0.9479991485738611,0.0160580047596792,0.948 +/- 0.016,0.6000000000000001,0.10897247358851687,0.600 +/- 0.109,0.730687143990194,0.0843732840826332,0.731 +/- 0.084,0.9666666666666667,0.014433756729740658,0.967 +/- 0.014,0.8651041666666667,0.017185605956245284,0.865 +/- 0.017,0.7333333333333334,0.014433756729740658,0.733 +/- 0.014,0.6666666666666666,0.08036375634160797,0.667 +/- 0.080,0.18193800793893997,0.030384712361064995,0.182 +/- 0.030,0.19040824572245277,0.03856010222517817,0.190 +/- 0.039,0.4306666666666667,0.05828664798505174,0.431 +/- 0.058,0.8050209222052167,0.9046758256132775,0.805-0.905,0.6570877579643358,0.7941915282859555,0.657-0.794,0.5163934426229508,0.6821969696969696,0.516-0.682,0.9304513009440479,0.991869918699187,0.930-0.992
AIROGS_ORIGA,external_REFUGE2_balanced,balanced,morfnet_no_bio,youden,3,80.0,development_validation_only,True,0.7375000000000002,1.3597399555105182e-16,0.738 +/- 0.000,0.9420289855072465,0.05020437123388053,0.942 +/- 0.050,0.5083333333333333,0.028867513459481315,0.508 +/- 0.029,0.6591337099811675,0.013047463710500026,0.659 +/- 0.013,0.9666666666666667,0.028867513459481315,0.967 +/- 0.029,0.8395833333333332,0.01985625426240642,0.840 +/- 0.020,0.6750000000000002,0.024999999999999967,0.675 +/- 0.025,0.625,0.025000000000000022,0.625 +/- 0.025,0.19689088038733948,0.0077874613203325485,0.197 +/- 0.008,0.19414990743001304,0.006859065788039277,0.194 +/- 0.007,0.5640000000000001,0.08827230596285564,0.564 +/- 0.088,0.7825083473130338,0.8863725570669169,0.783-0.886,0.5689285714285715,0.7337752860065155,0.569-0.734,0.41075216972034717,0.5965349965349964,0.411-0.597,0.9322033898305084,0.9922192950581395,0.932-0.992
AIROGS_ORIGA,external_REFUGE2_balanced,balanced,convnext_tiny_peri,youden,3,80.0,development_validation_only,True,0.7541666666666668,0.0520416499866533,0.754 +/- 0.052,0.8842636746143057,0.017230583416827396,0.884 +/- 0.017,0.5833333333333334,0.1040832999733066,0.583 +/- 0.104,0.7001920354033029,0.0795021864950942,0.700 +/- 0.080,0.9250000000000002,1.3597399555105182e-16,0.925 +/- 0.000,0.8264583333333334,0.026773670407385895,0.826 +/- 0.027,0.6583333333333333,0.09464847243000452,0.658 +/- 0.095,0.5083333333333334,0.08779711460710615,0.508 +/- 0.088,0.17864707026941082,0.020472541959568304,0.179 +/- 0.020,0.12072118123372395,0.03292381559878408,0.121 +/- 0.033,0.47733333333333333,0.03401960219246153,0.477 +/- 0.034,0.764869469673289,0.8691874071403349,0.765-0.869,0.6306629834254143,0.772963758640015,0.631-0.773,0.4957215929850201,0.6724250762251803,0.496-0.672,0.876982976040353,0.9673620367901893,0.877-0.967
AIROGS_ORIGA,external_REFUGE2_balanced,balanced,convnext_tiny_disc,youden,3,80.0,development_validation_only,True,0.6916666666666668,0.019094065395649326,0.692 +/- 0.019,0.8973684210526316,0.048737524151189815,0.897 +/- 0.049,0.43333333333333335,0.014433756729740658,0.433 +/- 0.014,0.5843691148775895,0.022854021011627885,0.584 +/- 0.023,0.9499999999999998,0.024999999999999967,0.950 +/- 0.025,0.8044791666666665,0.040529133682862505,0.804 +/- 0.041,0.5583333333333333,0.06291528696058958,0.558 +/- 0.063,0.4583333333333333,0.08036375634160799,0.458 +/- 0.080,0.20420482622769973,0.013243170752906342,0.204 +/- 0.013,0.16366856892903647,0.0333379925823772,0.164 +/- 0.033,0.47066666666666673,0.024110855093366853,0.471 +/- 0.024,0.7406195459101372,0.84966070737294,0.741-0.850,0.5029570552147239,0.67901999316473,0.503-0.679,0.3535893707033316,0.5321503746737392,0.354-0.532,0.908288770053476,0.984005376344086,0.908-0.984
AIROGS_ORIGA,external_REFUGE2_balanced,balanced,convnext_tiny_global,youden,3,80.0,development_validation_only,True,0.7000000000000001,0.03750000000000003,0.700 +/- 0.038,0.8904761904761905,0.09122497171746674,0.890 +/- 0.091,0.4666666666666666,0.10408329997330668,0.467 +/- 0.104,0.6039624791794512,0.0822757063405615,0.604 +/- 0.082,0.9333333333333332,0.07216878364870322,0.933 +/- 0.072,0.8019791666666668,0.025701739767637045,0.802 +/- 0.026,0.5499999999999999,0.043301270189221905,0.550 +/- 0.043,0.45,0.06614378277661477,0.450 +/- 0.066,0.20369302217538157,0.016384681169765294,0.204 +/- 0.016,0.1377232869466146,0.03826141324206499,0.138 +/- 0.038,0.4693333333333333,0.07739078325830108,0.469 +/- 0.077,0.7314819907326754,0.841291611767172,0.731-0.841,0.5269292864061995,0.6869383727990285,0.527-0.687,0.38461538461538464,0.5509051724137931,0.385-0.551,0.8860584461867427,0.975609756097561,0.886-0.976
AIROGS_ORIGA,external_REFUGE2_balanced,balanced,efficientnet_v2_s_global,youden,3,80.0,development_validation_only,True,0.7083333333333334,0.019094065395649326,0.708 +/- 0.019,0.9262187088274044,0.06688295202369991,0.926 +/- 0.067,0.4583333333333333,0.07216878364870323,0.458 +/- 0.072,0.6085121568992536,0.05484901573045042,0.609 +/- 0.055,0.9583333333333334,0.03818813079129865,0.958 +/- 0.038,0.7985416666666666,0.014837443835894833,0.799 +/- 0.015,0.6833333333333332,0.014433756729740593,0.683 +/- 0.014,0.5416666666666666,0.08779711460710615,0.542 +/- 0.088,0.20608480264199894,0.016401119427165812,0.206 +/- 0.016,0.19166857401529946,0.04423038652932031,0.192 +/- 0.044,0.5,0.064,0.500 +/- 0.064,0.7309809629912679,0.8417438182521642,0.731-0.842,0.5262688172043011,0.6936196854979615,0.526-0.694,0.37065412186379926,0.5526315789473685,0.371-0.553,0.9170298165137615,0.9917028236914601,0.917-0.992
AIROGS_ORIGA,external_REFUGE2_natural,natural,morfnet_full,f1,3,400.0,development_validation_only,True,0.915,0.038971143170299746,0.915 +/- 0.039,0.6249967737772616,0.18854320075867237,0.625 +/- 0.189,0.6499999999999999,0.1089724735885168,0.650 +/- 0.109,0.6151654745352921,0.08266599764406357,0.615 +/- 0.083,0.9444444444444445,0.05144516438181149,0.944 +/- 0.051,0.8743055555555554,0.023431892333268773,0.874 +/- 0.023,0.725,0.025000000000000022,0.725 +/- 0.025,0.6749999999999999,0.06614378277661476,0.675 +/- 0.066,0.05447677308524457,0.0010526487340056696,0.054 +/- 0.001,0.05391429861386617,0.02765829867380347,0.054 +/- 0.028,0.3633333333333333,0.1338220211076388,0.363 +/- 0.134,0.8227694370353845,0.9072917231544045,0.823-0.907,0.5363083657587548,0.6726764728473769,0.536-0.673,0.5689285714285715,0.7339098105948506,0.569-0.734,0.9327188940092166,0.9573802681992337,0.933-0.957
AIROGS_ORIGA,external_REFUGE2_natural,natural,morfnet_no_bio,f1,3,400.0,development_validation_only,True,0.9141666666666667,0.012583057392117928,0.914 +/- 0.013,0.5706213929210445,0.07030675778079604,0.571 +/- 0.070,0.6,0.07500000000000001,0.600 +/- 0.075,0.5828789049762833,0.05635490869234423,0.583 +/- 0.056,0.9490740740740741,0.013127265628479485,0.949 +/- 0.013,0.8494560185185186,0.019674370172698994,0.849 +/- 0.020,0.6666666666666666,0.06291528696058958,0.667 +/- 0.063,0.6083333333333333,0.07637626158259735,0.608 +/- 0.076,0.06093854763280982,0.006479468660973677,0.061 +/- 0.006,0.04365577975908916,0.007490880692922046,0.044 +/- 0.007,0.37666666666666665,0.0880814017448254,0.377 +/- 0.088,0.7928883459240851,0.8884867244158221,0.793-0.888,0.503194428456314,0.6514324277255311,0.503-0.651,0.4979961832061069,0.6797099236641222,0.498-0.680,0.9362785478222266,0.9613090358224915,0.936-0.961
AIROGS_ORIGA,external_REFUGE2_natural,natural,convnext_tiny_peri,f1,3,400.0,development_validation_only,True,0.8458333333333333,0.03538478957593689,0.846 +/- 0.035,0.36397128060263656,0.053837191163520585,0.364 +/- 0.054,0.6666666666666666,0.08036375634160797,0.667 +/- 0.080,0.46673598732422256,0.041349775493185435,0.467 +/- 0.041,0.8657407407407408,0.04567171279680936,0.866 +/- 0.046,0.834988425925926,0.02043948712039655,0.835 +/- 0.020,0.6333333333333334,0.05204164998665336,0.633 +/- 0.052,0.49166666666666664,0.03818813079129867,0.492 +/- 0.038,0.10598704317662244,0.01559415411865577,0.106 +/- 0.016,0.19398338317871097,0.03988632623627376,0.194 +/- 0.040,0.40333333333333327,0.012583057392117897,0.403 +/- 0.013,0.7842711218733518,0.8764932558620468,0.784-0.876,0.39175518108852775,0.5359046610169491,0.392-0.536,0.5707706766917293,0.7603589743589744,0.571-0.760,0.845505207900136,0.8839166382127701,0.846-0.884
AIROGS_ORIGA,external_REFUGE2_natural,natural,convnext_tiny_disc,f1,3,400.0,development_validation_only,True,0.875,0.012499999999999956,0.875 +/- 0.012,0.40589630838508844,0.036743018271719635,0.406 +/- 0.037,0.5166666666666667,0.0381881307912987,0.517 +/- 0.038,0.452968707468611,0.018045936918036774,0.453 +/- 0.018,0.9148148148148149,0.01697250257391052,0.915 +/- 0.017,0.8126851851851852,0.009440379878370514,0.813 +/- 0.009,0.5666666666666668,0.038188130791298645,0.567 +/- 0.038,0.45,0.024999999999999994,0.450 +/- 0.025,0.08908382230515903,0.011781089063226518,0.089 +/- 0.012,0.151118647257487,0.030226066663065574,0.151 +/- 0.030,0.37666666666666665,0.04725815626252607,0.377 +/- 0.047,0.755508896852718,0.8510323368315502,0.756-0.851,0.3804033539526701,0.5289331967754725,0.380-0.529,0.4279304029304029,0.6122117400419287,0.428-0.612,0.8958322794984461,0.930840704531347,0.896-0.931
AIROGS_ORIGA,external_REFUGE2_natural,natural,convnext_tiny_global,f1,3,400.0,development_validation_only,True,0.8791666666666668,0.02765110003839512,0.879 +/- 0.028,0.4342050827423168,0.09508878982216165,0.434 +/- 0.095,0.4833333333333334,0.07637626158259735,0.483 +/- 0.076,0.4466632983874363,0.02046859658361499,0.447 +/- 0.020,0.9231481481481482,0.03892194362404392,0.923 +/- 0.039,0.8115162037037038,0.004817804782985152,0.812 +/- 0.005,0.5333333333333333,0.014433756729740658,0.533 +/- 0.014,0.4166666666666667,0.014433756729740625,0.417 +/- 0.014,0.1119140671635978,0.01949610722504492,0.112 +/- 0.019,0.19709983825683594,0.044601317855517776,0.197 +/- 0.045,0.4366666666666666,0.06658328118479391,0.437 +/- 0.067,0.7641907249712667,0.8488099228898103,0.764-0.849,0.3777862106186332,0.5211458333333333,0.378-0.521,0.40350877192982454,0.5737474599949199,0.404-0.574,0.9068459426950808,0.9393752215526409,0.907-0.939
AIROGS_ORIGA,external_REFUGE2_natural,natural,efficientnet_v2_s_global,f1,3,400.0,development_validation_only,True,0.8624999999999999,0.019843134832984426,0.862 +/- 0.020,0.3924242424242424,0.03702058097839581,0.392 +/- 0.037,0.65,0.06614378277661478,0.650 +/- 0.066,0.48677038508220233,0.021498256926054143,0.487 +/- 0.021,0.8861111111111111,0.02819136545858952,0.886 +/- 0.028,0.8078124999999999,0.013184023662686247,0.808 +/- 0.013,0.6333333333333333,0.06291528696058958,0.633 +/- 0.063,0.4666666666666666,0.028867513459481284,0.467 +/- 0.029,0.09641385906996826,0.0194864138153222,0.096 +/- 0.019,0.1593703206380208,0.05633216738220329,0.159 +/- 0.056,0.3899999999999999,0.03968626966596887,0.390 +/- 0.040,0.7518887760327145,0.8489893866831432,0.752-0.849,0.41661733875940316,0.5467434210526315,0.417-0.547,0.5607024131987196,0.730303657694962,0.561-0.730,0.8679264034380876,0.9053004790282865,0.868-0.905
AIROGS_ORIGA,external_REFUGE2_natural,natural,morfnet_full,high_sensitivity_90,3,400.0,development_validation_only,True,0.8983333333333333,0.025041632002194524,0.898 +/- 0.025,0.5093178182455679,0.0871056810196711,0.509 +/- 0.087,0.6749999999999999,0.06614378277661476,0.675 +/- 0.066,0.5740052858332428,0.040752761876523255,0.574 +/- 0.041,0.9231481481481482,0.03394500514782104,0.923 +/- 0.034,0.8743055555555554,0.023431892333268773,0.874 +/- 0.023,0.725,0.025000000000000022,0.725 +/- 0.025,0.6749999999999999,0.06614378277661476,0.675 +/- 0.066,0.05447677308524457,0.0010526487340056696,0.054 +/- 0.001,0.05391429861386617,0.02765829867380347,0.054 +/- 0.028,0.26133333333333336,0.0410528115155751,0.261 +/- 0.041,0.8152366311288902,0.9061559372317072,0.815-0.906,0.4938556360401576,0.6378841607565012,0.494-0.638,0.5919142857142857,0.7540514993481094,0.592-0.754,0.9057851972750497,0.9393536202359732,0.906-0.939
AIROGS_ORIGA,external_REFUGE2_natural,natural,morfnet_no_bio,high_sensitivity_90,3,400.0,development_validation_only,True,0.9041666666666667,0.007216878364870297,0.904 +/- 0.007,0.5170068027210885,0.029456646387225772,0.517 +/- 0.029,0.6083333333333333,0.07637626158259735,0.608 +/- 0.076,0.5581640835134943,0.04732717154715516,0.558 +/- 0.047,0.937037037037037,0.00578240555407257,0.937 +/- 0.006,0.8494560185185186,0.019674370172698994,0.849 +/- 0.020,0.6666666666666666,0.06291528696058958,0.667 +/- 0.063,0.6083333333333333,0.07637626158259735,0.608 +/- 0.076,0.06093854763280982,0.006479468660973677,0.061 +/- 0.006,0.04365577975908916,0.007490880692922046,0.044 +/- 0.007,0.3266666666666667,0.06885734044626857,0.327 +/- 0.069,0.799318744748653,0.8891325293440934,0.799-0.889,0.4813769647945583,0.6344085259836435,0.481-0.634,0.5144142685296567,0.6912976723026764,0.514-0.691,0.921741938402376,0.950232686441228,0.922-0.950
AIROGS_ORIGA,external_REFUGE2_natural,natural,convnext_tiny_peri,high_sensitivity_90,3,400.0,development_validation_only,True,0.7875,0.03783186487605388,0.787 +/- 0.038,0.2874999223636239,0.03668512553883901,0.287 +/- 0.037,0.7333333333333334,0.0520416499866533,0.733 +/- 0.052,0.4108533525793037,0.02796955458278792,0.411 +/- 0.028,0.7935185185185185,0.047817597532130954,0.794 +/- 0.048,0.834988425925926,0.02043948712039655,0.835 +/- 0.020,0.6333333333333334,0.05204164998665336,0.633 +/- 0.052,0.49166666666666664,0.03818813079129867,0.492 +/- 0.038,0.10598704317662244,0.01559415411865577,0.106 +/- 0.016,0.19398338317871097,0.03988632623627376,0.194 +/- 0.040,0.3426666666666667,0.022030282189144428,0.343 +/- 0.022,0.7853507070039865,0.8689319584693309,0.785-0.869,0.35207974756167526,0.4659832134292566,0.352-0.466,0.6535204714640198,0.8050315148880678,0.654-0.805,0.7707927366979289,0.816870765729771,0.771-0.817
AIROGS_ORIGA,external_REFUGE2_natural,natural,convnext_tiny_disc,high_sensitivity_90,3,400.0,development_validation_only,True,0.8475,0.026100766272276366,0.848 +/- 0.026,0.3567251461988304,0.056395618485338916,0.357 +/- 0.056,0.6166666666666667,0.028867513459481315,0.617 +/- 0.029,0.44977214345823774,0.04128432090757254,0.450 +/- 0.041,0.8731481481481481,0.03047126420723027,0.873 +/- 0.030,0.8126851851851852,0.009440379878370514,0.813 +/- 0.009,0.5666666666666668,0.038188130791298645,0.567 +/- 0.038,0.45,0.024999999999999994,0.450 +/- 0.025,0.08908382230515903,0.011781089063226518,0.089 +/- 0.012,0.151118647257487,0.030226066663065574,0.151 +/- 0.030,0.33466666666666667,0.03607399802258313,0.335 +/- 0.036,0.7572425479713131,0.8517418703885375,0.757-0.852,0.3753598484848485,0.507840957980783,0.375-0.508,0.5233162598081953,0.70720004927322,0.523-0.707,0.854047423222371,0.8930964337557378,0.854-0.893
AIROGS_ORIGA,external_REFUGE2_natural,natural,convnext_tiny_global,high_sensitivity_90,3,400.0,development_validation_only,True,0.7916666666666666,0.08148363843946423,0.792 +/- 0.081,0.29699437253003613,0.11303101422844233,0.297 +/- 0.113,0.6083333333333334,0.09464847243000458,0.608 +/- 0.095,0.3827015693463422,0.07065384882663822,0.383 +/- 0.071,0.812037037037037,0.10032098689468043,0.812 +/- 0.100,0.8115162037037038,0.004817804782985152,0.812 +/- 0.005,0.5333333333333333,0.014433756729740658,0.533 +/- 0.014,0.4166666666666667,0.014433756729740625,0.417 +/- 0.014,0.1119140671635978,0.01949610722504492,0.112 +/- 0.019,0.19709983825683594,0.044601317855517776,0.197 +/- 0.045,0.3666666666666667,0.047721413781795424,0.367 +/- 0.048,0.7594139817251193,0.8435931914343372,0.759-0.844,0.31340281372041595,0.4260002397219225,0.313-0.426,0.5169491525423728,0.6913929356789444,0.517-0.691,0.7903050801525923,0.8324982446968059,0.790-0.832
AIROGS_ORIGA,external_REFUGE2_natural,natural,efficientnet_v2_s_global,high_sensitivity_90,3,400.0,development_validation_only,True,0.86,0.015612494995995955,0.860 +/- 0.016,0.38745505906522854,0.031923690367414666,0.387 +/- 0.032,0.6666666666666666,0.03818813079129865,0.667 +/- 0.038,0.48860861360861363,0.014346864987227675,0.489 +/- 0.014,0.8814814814814814,0.021576259625427845,0.881 +/- 0.022,0.8078124999999999,0.013184023662686247,0.808 +/- 0.013,0.6333333333333333,0.06291528696058958,0.633 +/- 0.063,0.4666666666666666,0.028867513459481284,0.467 +/- 0.029,0.09641385906996826,0.0194864138153222,0.096 +/- 0.019,0.1593703206380208,0.05633216738220329,0.159 +/- 0.056,0.38133333333333336,0.05896891836665594,0.381 +/- 0.059,0.7485590007998797,0.8491677636050375,0.749-0.849,0.4163915209534043,0.5547748579200467,0.416-0.555,0.5749583217560433,0.7524304573314474,0.575-0.752,0.8634789221146432,0.8992206350384364,0.863-0.899
AIROGS_ORIGA,external_REFUGE2_natural,natural,morfnet_full,high_specificity_90,3,400.0,development_validation_only,True,0.9325,0.0066143782776614405,0.932 +/- 0.007,0.7806267806267805,0.1454457112297873,0.781 +/- 0.145,0.48333333333333334,0.06291528696058961,0.483 +/- 0.063,0.5882347327788991,0.013604896108349687,0.588 +/- 0.014,0.9824074074074073,0.013981174880131026,0.982 +/- 0.014,0.8743055555555554,0.023431892333268773,0.874 +/- 0.023,0.725,0.025000000000000022,0.725 +/- 0.025,0.6749999999999999,0.06614378277661476,0.675 +/- 0.066,0.05447677308524457,0.0010526487340056696,0.054 +/- 0.001,0.05391429861386617,0.02765829867380347,0.054 +/- 0.028,0.5946666666666668,0.06478682993736715,0.595 +/- 0.065,0.8236349569634113,0.9059912073908888,0.824-0.906,0.5038179655954422,0.6717532897349677,0.504-0.672,0.3917809364548495,0.5695945945945945,0.392-0.570,0.9741884406252416,0.9897109359207601,0.974-0.990
AIROGS_ORIGA,external_REFUGE2_natural,natural,morfnet_no_bio,high_specificity_90,3,400.0,development_validation_only,True,0.93,0.00901387818865995,0.930 +/- 0.009,0.7813374014747012,0.11404040237044198,0.781 +/- 0.114,0.425,0.024999999999999994,0.425 +/- 0.025,0.5492332526230831,0.04270594341453085,0.549 +/- 0.043,0.9861111111111112,0.00833333333333336,0.986 +/- 0.008,0.8494560185185186,0.019674370172698994,0.849 +/- 0.020,0.6666666666666666,0.06291528696058958,0.667 +/- 0.063,0.6083333333333333,0.07637626158259735,0.608 +/- 0.076,0.06093854763280982,0.006479468660973677,0.061 +/- 0.006,0.04365577975908916,0.007490880692922046,0.044 +/- 0.007,0.7040000000000001,0.08089499366462674,0.704 +/- 0.081,0.7963518672481625,0.8847931380381737,0.796-0.885,0.4566165413533834,0.6399363106200122,0.457-0.640,0.3333333333333333,0.5176553062985332,0.333-0.518,0.9779901916265552,0.9925273655110788,0.978-0.993
AIROGS_ORIGA,external_REFUGE2_natural,natural,convnext_tiny_peri,high_specificity_90,3,400.0,development_validation_only,True,0.9091666666666667,0.003818813079129846,0.909 +/- 0.004,0.5592891278375149,0.019755643048760933,0.559 +/- 0.020,0.425,0.09013878188659973,0.425 +/- 0.090,0.479869347664937,0.06448041221942348,0.480 +/- 0.064,0.9629629629629629,0.006990587440065484,0.963 +/- 0.007,0.834988425925926,0.02043948712039655,0.835 +/- 0.020,0.6333333333333334,0.05204164998665336,0.633 +/- 0.052,0.49166666666666664,0.03818813079129867,0.492 +/- 0.038,0.10598704317662244,0.01559415411865577,0.106 +/- 0.016,0.19398338317871097,0.03988632623627376,0.194 +/- 0.040,0.6000000000000001,0.03555277766926233,0.600 +/- 0.036,0.7890668735289246,0.8736468620583672,0.789-0.874,0.4054291187739464,0.5714285714285714,0.405-0.571,0.34625979801025025,0.5185047846889952,0.346-0.519,0.9515140107941189,0.9735687344034742,0.952-0.974
AIROGS_ORIGA,external_REFUGE2_natural,natural,convnext_tiny_disc,high_specificity_90,3,400.0,development_validation_only,True,0.9258333333333334,0.005204164998665328,0.926 +/- 0.005,0.8078282828282828,0.10920746439022845,0.808 +/- 0.109,0.3499999999999999,0.024999999999999994,0.350 +/- 0.025,0.4855327468230694,0.013712094862164983,0.486 +/- 0.014,0.9898148148148148,0.008018753738744838,0.990 +/- 0.008,0.8126851851851852,0.009440379878370514,0.813 +/- 0.009,0.5666666666666668,0.038188130791298645,0.567 +/- 0.038,0.45,0.024999999999999994,0.450 +/- 0.025,0.08908382230515903,0.011781089063226518,0.089 +/- 0.012,0.151118647257487,0.030226066663065574,0.151 +/- 0.030,0.6000000000000001,0.024331050121192837,0.600 +/- 0.024,0.7564130402691518,0.8524023136077126,0.756-0.852,0.39209747307906817,0.5615089820359281,0.392-0.562,0.26942508710801394,0.42310417884278195,0.269-0.423,0.9828416461555133,0.9953533717691261,0.983-0.995
AIROGS_ORIGA,external_REFUGE2_natural,natural,convnext_tiny_global,high_specificity_90,3,400.0,development_validation_only,True,0.9158333333333334,0.005773502691896263,0.916 +/- 0.006,0.7470145953118089,0.10541079147870122,0.747 +/- 0.105,0.25833333333333336,0.10103629710818451,0.258 +/- 0.101,0.3719534441344375,0.1102980613795086,0.372 +/- 0.110,0.9888888888888889,0.007349309197401657,0.989 +/- 0.007,0.8115162037037038,0.004817804782985152,0.812 +/- 0.005,0.5333333333333333,0.014433756729740658,0.533 +/- 0.014,0.4166666666666667,0.014433756729740625,0.417 +/- 0.014,0.1119140671635978,0.01949610722504492,0.112 +/- 0.019,0.19709983825683594,0.044601317855517776,0.197 +/- 0.045,0.6360000000000001,0.03555277766926233,0.636 +/- 0.036,0.7572141581456038,0.8455083884924891,0.757-0.846,0.2857142857142857,0.47870906420115783,0.286-0.479,0.18548387096774194,0.34363668893129773,0.185-0.344,0.982576415728449,0.9945207935787774,0.983-0.995
AIROGS_ORIGA,external_REFUGE2_natural,natural,efficientnet_v2_s_global,high_specificity_90,3,400.0,development_validation_only,True,0.9191666666666666,0.0038188130791298462,0.919 +/- 0.004,1.0,0.0,1.000 +/- 0.000,0.19166666666666665,0.03818813079129867,0.192 +/- 0.038,0.32051661244207824,0.054383444362802645,0.321 +/- 0.054,1.0,0.0,1.000 +/- 0.000,0.8078124999999999,0.013184023662686247,0.808 +/- 0.013,0.6333333333333333,0.06291528696058958,0.633 +/- 0.063,0.4666666666666666,0.028867513459481284,0.467 +/- 0.029,0.09641385906996826,0.0194864138153222,0.096 +/- 0.019,0.1593703206380208,0.05633216738220329,0.159 +/- 0.056,0.6866666666666666,0.04822171018673365,0.687 +/- 0.048,0.7482759163907365,0.8476872525065297,0.748-0.848,0.2120530333467256,0.422360248447205,0.212-0.422,0.11860231271995979,0.2677165354330709,0.119-0.268,1.0,1.0,1.000-1.000
AIROGS_ORIGA,external_REFUGE2_natural,natural,morfnet_full,youden,3,400.0,development_validation_only,True,0.9358333333333334,0.005773502691896263,0.936 +/- 0.006,0.7187987987987988,0.047617136789609334,0.719 +/- 0.048,0.6000000000000001,0.10897247358851687,0.600 +/- 0.109,0.6480473113384506,0.059004081169348487,0.648 +/- 0.059,0.9731481481481481,0.009755234956345093,0.973 +/- 0.010,0.8743055555555554,0.023431892333268773,0.874 +/- 0.023,0.725,0.025000000000000022,0.725 +/- 0.025,0.6749999999999999,0.06614378277661476,0.675 +/- 0.066,0.05447677308524457,0.0010526487340056696,0.054 +/- 0.001,0.05391429861386617,0.02765829867380347,0.054 +/- 0.028,0.4306666666666667,0.05828664798505174,0.431 +/- 0.058,0.8250680124071327,0.9042246178862126,0.825-0.904,0.5756074899942825,0.7205584731651082,0.576-0.721,0.5141088286132163,0.6862745098039216,0.514-0.686,0.962756052141527,0.9824407225278738,0.963-0.982
AIROGS_ORIGA,external_REFUGE2_natural,natural,morfnet_no_bio,youden,3,400.0,development_validation_only,True,0.93,0.004330127018922229,0.930 +/- 0.004,0.7103743528474711,0.03674725408798213,0.710 +/- 0.037,0.5083333333333333,0.028867513459481315,0.508 +/- 0.029,0.592120177900885,0.025246281230779453,0.592 +/- 0.025,0.9768518518518517,0.0042431256434776144,0.977 +/- 0.004,0.8494560185185186,0.019674370172698994,0.849 +/- 0.020,0.6666666666666666,0.06291528696058958,0.667 +/- 0.063,0.6083333333333333,0.07637626158259735,0.608 +/- 0.076,0.06093854763280982,0.006479468660973677,0.061 +/- 0.006,0.04365577975908916,0.007490880692922046,0.044 +/- 0.007,0.5640000000000001,0.08827230596285564,0.564 +/- 0.088,0.8055283109999087,0.8852864819390932,0.806-0.885,0.5086476185731367,0.6695882510729614,0.509-0.670,0.41810357675111776,0.5957783975659229,0.418-0.596,0.9690049426295986,0.9851721294578437,0.969-0.985
AIROGS_ORIGA,external_REFUGE2_natural,natural,convnext_tiny_peri,youden,3,400.0,development_validation_only,True,0.8833333333333334,0.0312583322225184,0.883 +/- 0.031,0.45841692183155597,0.08403332248538871,0.458 +/- 0.084,0.5833333333333334,0.1040832999733066,0.583 +/- 0.104,0.5030150016599881,0.03004906992385374,0.503 +/- 0.030,0.9166666666666666,0.04572799342542865,0.917 +/- 0.046,0.834988425925926,0.02043948712039655,0.835 +/- 0.020,0.6333333333333334,0.05204164998665336,0.633 +/- 0.052,0.49166666666666664,0.03818813079129867,0.492 +/- 0.038,0.10598704317662244,0.01559415411865577,0.106 +/- 0.016,0.19398338317871097,0.03988632623627376,0.194 +/- 0.040,0.47733333333333333,0.03401960219246153,0.477 +/- 0.034,0.7824131326552424,0.8670876924924358,0.782-0.867,0.4264901570752452,0.5656184668989547,0.426-0.566,0.49608702290076334,0.6708434782608695,0.496-0.671,0.9000326555328121,0.9333364044492094,0.900-0.933
AIROGS_ORIGA,external_REFUGE2_natural,natural,convnext_tiny_disc,youden,3,400.0,development_validation_only,True,0.9058333333333334,0.009464847243000445,0.906 +/- 0.009,0.5421859245815689,0.06012336290803239,0.542 +/- 0.060,0.43333333333333335,0.014433756729740658,0.433 +/- 0.014,0.4800021234803844,0.01637278770545335,0.480 +/- 0.016,0.9583333333333334,0.012108052620946337,0.958 +/- 0.012,0.8126851851851852,0.009440379878370514,0.813 +/- 0.009,0.5666666666666668,0.038188130791298645,0.567 +/- 0.038,0.45,0.024999999999999994,0.450 +/- 0.025,0.08908382230515903,0.011781089063226518,0.089 +/- 0.012,0.151118647257487,0.030226066663065574,0.151 +/- 0.030,0.47066666666666673,0.024110855093366853,0.471 +/- 0.024,0.7575736712802364,0.8549222813796247,0.758-0.855,0.4027653459699004,0.5518923153744167,0.403-0.552,0.34995994303008726,0.5125060768108896,0.350-0.513,0.9476306516546678,0.9688821163755185,0.948-0.969
AIROGS_ORIGA,external_REFUGE2_natural,natural,convnext_tiny_global,youden,3,400.0,development_validation_only,True,0.8833333333333333,0.0337577151675485,0.883 +/- 0.034,0.47864952718676124,0.1678836023993152,0.479 +/- 0.168,0.4666666666666666,0.10408329997330668,0.467 +/- 0.104,0.4472878104873583,0.020970630079361743,0.447 +/- 0.021,0.9296296296296296,0.048776174781725634,0.930 +/- 0.049,0.8115162037037038,0.004817804782985152,0.812 +/- 0.005,0.5333333333333333,0.014433756729740658,0.533 +/- 0.014,0.4166666666666667,0.014433756729740625,0.417 +/- 0.014,0.1119140671635978,0.01949610722504492,0.112 +/- 0.019,0.19709983825683594,0.044601317855517776,0.197 +/- 0.045,0.4693333333333333,0.07739078325830108,0.469 +/- 0.077,0.7577641732861085,0.8473509070479992,0.758-0.847,0.3521065182829889,0.5210675150229763,0.352-0.521,0.36777343749999997,0.5578379015157463,0.368-0.558,0.9147883779736331,0.944578853046595,0.915-0.945
AIROGS_ORIGA,external_REFUGE2_natural,natural,efficientnet_v2_s_global,youden,3,400.0,development_validation_only,True,0.9041666666666668,0.022684429314693683,0.904 +/- 0.023,0.5690690690690691,0.16848793868636436,0.569 +/- 0.168,0.4583333333333333,0.07216878364870323,0.458 +/- 0.072,0.49134199134199136,0.033322087269135596,0.491 +/- 0.033,0.9537037037037037,0.03195450727173592,0.954 +/- 0.032,0.8078124999999999,0.013184023662686247,0.808 +/- 0.013,0.6333333333333333,0.06291528696058958,0.633 +/- 0.063,0.4666666666666666,0.028867513459481284,0.467 +/- 0.029,0.09641385906996826,0.0194864138153222,0.096 +/- 0.019,0.1593703206380208,0.05633216738220329,0.159 +/- 0.056,0.5,0.064,0.500 +/- 0.064,0.7484615781141569,0.8488485765828618,0.748-0.849,0.4070583043455688,0.5645805401264126,0.407-0.565,0.37371323529411765,0.553735632183908,0.374-0.554,0.9418226850884784,0.9653748466137344,0.942-0.965
AIROGS_ORIGA,internal_test_balanced,balanced,morfnet_no_bio,f1,3,821.0,development_validation_only,False,0.7779131140885099,0.008811422823471625,0.778 +/- 0.009,0.7252161348090906,0.01160946909634142,0.725 +/- 0.012,0.8952248135620042,0.020676634123297327,0.895 +/- 0.021,0.801147808606372,0.007711397926033458,0.801 +/- 0.008,0.6607224101438095,0.024686290530951005,0.661 +/- 0.025,0.8733457955017506,0.004290401887102602,0.873 +/- 0.004,0.6238541728482979,0.03355360196569142,0.624 +/- 0.034,0.46303879097185136,0.007345974003580051,0.463 +/- 0.007,0.14665455568959385,0.004616606966736779,0.147 +/- 0.005,0.04881963582722288,0.019183050429859363,0.049 +/- 0.019,0.37666666666666665,0.0880814017448254,0.377 +/- 0.088,0.8590454028051734,0.885684271101992,0.859-0.886,0.7858798394272353,0.8177633125748022,0.786-0.818,0.8784930676148737,0.9128841520546112,0.878-0.913,0.6368387909319899,0.6864065665487856,0.637-0.686
AIROGS_ORIGA,internal_test_balanced,balanced,morfnet_full,f1,3,821.0,development_validation_only,False,0.7807551766138855,0.015550725133743842,0.781 +/- 0.016,0.7487586441428635,0.03770138154712874,0.749 +/- 0.038,0.8505410163590686,0.043715010286512854,0.851 +/- 0.044,0.7950837028828809,0.006040016225865201,0.795 +/- 0.006,0.7110458330860681,0.07214967771384943,0.711 +/- 0.072,0.8728759915336379,0.006404741448845504,0.873 +/- 0.006,0.6490534686368762,0.01504547503666486,0.649 +/- 0.015,0.48011393982552963,0.01754560992534611,0.480 +/- 0.018,0.14599952354731863,0.00348013885586671,0.146 +/- 0.003,0.04621047447040416,0.014424938245034536,0.046 +/- 0.014,0.3633333333333333,0.1338220211076388,0.363 +/- 0.134,0.8572493064029314,0.885254934730163,0.857-0.885,0.7788911945027543,0.8116243336619166,0.779-0.812,0.8318104320688297,0.8707580548027702,0.832-0.871,0.6887349397590361,0.734926448355104,0.689-0.735
AIROGS_ORIGA,internal_test_balanced,balanced,efficientnet_v2_s_global,f1,3,821.0,development_validation_only,False,0.7320341047503045,0.01265810578004051,0.732 +/- 0.013,0.672038717901826,0.012447615348964958,0.672 +/- 0.012,0.9065831899194904,0.0035964525999474775,0.907 +/- 0.004,0.7718437475320026,0.008387245182249375,0.772 +/- 0.008,0.5576207148932802,0.025093615785502052,0.558 +/- 0.025,0.8455699958459438,0.010602531106614702,0.846 +/- 0.011,0.5589163847842857,0.022609908428513865,0.559 +/- 0.023,0.3737107590054003,0.03322084911190349,0.374 +/- 0.033,0.16522030819451697,0.005834829831030965,0.165 +/- 0.006,0.06228365106307728,0.017197539280542302,0.062 +/- 0.017,0.3899999999999999,0.03968626966596887,0.390 +/- 0.040,0.8253808377281111,0.8578320301158523,0.825-0.858,0.754329065967261,0.7889380534030488,0.754-0.789,0.8882534640621306,0.921619729277422,0.888-0.922,0.5286291624488068,0.5854055495244793,0.529-0.585
AIROGS_ORIGA,internal_test_balanced,balanced,convnext_tiny_peri,f1,3,821.0,development_validation_only,False,0.7356881851400731,0.00439165806999268,0.736 +/- 0.004,0.7000644557036804,0.012246057983142065,0.700 +/- 0.012,0.8253575455462583,0.02057232746163171,0.825 +/- 0.021,0.7573408617413753,0.001466151632430889,0.757 +/- 0.001,0.6461218918758531,0.02912339393435999,0.646 +/- 0.029,0.8316796233655767,0.0039738105983920255,0.832 +/- 0.004,0.5369849464918007,0.031441920118905016,0.537 +/- 0.031,0.42000870373667243,0.04046025713524092,0.420 +/- 0.040,0.17165947012829022,0.0008903846111806433,0.172 +/- 0.001,0.060296929468239314,0.008293829971998392,0.060 +/- 0.008,0.40333333333333327,0.012583057392117897,0.403 +/- 0.013,0.8140865026750567,0.8471161932865133,0.814-0.847,0.7383034361833039,0.7755277592244014,0.738-0.776,0.8043406142074618,0.8463305136031153,0.804-0.846,0.6189690322615755,0.6761872453424563,0.619-0.676
AIROGS_ORIGA,internal_test_balanced,balanced,convnext_tiny_global,f1,3,821.0,development_validation_only,False,0.7393422655298417,0.004391658069992665,0.739 +/- 0.004,0.7081638181557602,0.018730176457907276,0.708 +/- 0.019,0.8164164342373351,0.03853665202818351,0.816 +/- 0.039,0.7577705103886415,0.00580646437584585,0.758 +/- 0.006,0.6623424920380591,0.04651502176410945,0.662 +/- 0.047,0.8238601072142108,0.005390267674978223,0.824 +/- 0.005,0.48743892548414536,0.03252412835352341,0.487 +/- 0.033,0.3395980456154926,0.04677331701028444,0.340 +/- 0.047,0.17688511472219584,0.0029976168686963885,0.177 +/- 0.003,0.07015044583666387,0.0026125305542293335,0.070 +/- 0.003,0.4366666666666666,0.06658328118479391,0.437 +/- 0.067,0.8030191458939158,0.8352157051411193,0.803-0.835,0.7394790302920862,0.7769989021458484,0.739-0.777,0.7930872921172347,0.8386160060643192,0.793-0.839,0.6378077839555203,0.6891074113856069,0.638-0.689
AIROGS_ORIGA,internal_test_balanced,balanced,convnext_tiny_disc,f1,3,821.0,development_validation_only,False,0.7137637028014616,0.018908860774981783,0.714 +/- 0.019,0.6686231247634756,0.022254043240336984,0.669 +/- 0.022,0.8497141613751903,0.014723229202558344,0.850 +/- 0.015,0.7480989408036613,0.010720674401360797,0.748 +/- 0.011,0.5778885526081537,0.04774863978477071,0.578 +/- 0.048,0.8156024370462682,0.004224840656169037,0.816 +/- 0.004,0.5093545388008625,0.02365285596135636,0.509 +/- 0.024,0.38020493343619566,0.03213255807167825,0.380 +/- 0.032,0.17950647737699665,0.002586875312604713,0.180 +/- 0.003,0.0639784793954432,0.011575892831900966,0.064 +/- 0.012,0.37666666666666665,0.04725815626252607,0.377 +/- 0.047,0.7977287027186434,0.8296780172430547,0.798-0.830,0.7303372802296376,0.765876936309877,0.730-0.766,0.8309329642752291,0.8705815791042996,0.831-0.871,0.549702125510391,0.6034423999237362,0.550-0.603
AIROGS_ORIGA,internal_test_balanced,balanced,morfnet_no_bio,high_sensitivity_90,3,821.0,development_validation_only,False,0.7697929354445797,0.01843209007359507,0.770 +/- 0.018,0.7097950787800152,0.020625673868285045,0.710 +/- 0.021,0.9138903724803672,0.006152985514257579,0.914 +/- 0.006,0.7988747424760495,0.01220627738261043,0.799 +/- 0.012,0.6257769074041105,0.03987749078839113,0.626 +/- 0.040,0.8733457955017506,0.004290401887102602,0.873 +/- 0.004,0.6238541728482979,0.03355360196569142,0.624 +/- 0.034,0.46303879097185136,0.007345974003580051,0.463 +/- 0.007,0.14665455568959385,0.004616606966736779,0.147 +/- 0.005,0.04881963582722288,0.019183050429859363,0.049 +/- 0.019,0.3266666666666667,0.06885734044626857,0.327 +/- 0.069,0.8584403740546177,0.8854898517405543,0.858-0.885,0.7846781714587311,0.8144928267123038,0.785-0.814,0.8991504684611309,0.9297642377509828,0.899-0.930,0.5981970764923535,0.6515736302099705,0.598-0.652
AIROGS_ORIGA,internal_test_balanced,balanced,morfnet_full,high_sensitivity_90,3,821.0,development_validation_only,False,0.76045473000406,0.008110022068793384,0.760 +/- 0.008,0.7043186443280381,0.006489908310969279,0.704 +/- 0.006,0.8976598817083062,0.019364025419450117,0.898 +/- 0.019,0.7892477403234833,0.008270889183907006,0.789 +/- 0.008,0.6233774454532867,0.014624865637601634,0.623 +/- 0.015,0.8728759915336379,0.006404741448845504,0.873 +/- 0.006,0.6490534686368762,0.01504547503666486,0.649 +/- 0.015,0.48011393982552963,0.01754560992534611,0.480 +/- 0.018,0.14599952354731863,0.00348013885586671,0.146 +/- 0.003,0.04621047447040416,0.014424938245034536,0.046 +/- 0.014,0.26133333333333336,0.0410528115155751,0.261 +/- 0.041,0.8579318682202258,0.8843755005715995,0.858-0.884,0.7729640525065121,0.8046061380354912,0.773-0.805,0.8817618415227978,0.9162601062639634,0.882-0.916,0.5979004658785977,0.6514044363585656,0.598-0.651
AIROGS_ORIGA,internal_test_balanced,balanced,efficientnet_v2_s_global,high_sensitivity_90,3,821.0,development_validation_only,False,0.727568006496143,0.006250428062663669,0.728 +/- 0.006,0.6658863951013473,0.00400262235000979,0.666 +/- 0.004,0.9130793424722569,0.013427198918624915,0.913 +/- 0.013,0.7701074734501717,0.006057837779628946,0.770 +/- 0.006,0.5421992760073587,0.010307308570791283,0.542 +/- 0.010,0.8455699958459438,0.010602531106614702,0.846 +/- 0.011,0.5589163847842857,0.022609908428513865,0.559 +/- 0.023,0.3737107590054003,0.03322084911190349,0.374 +/- 0.033,0.16522030819451697,0.005834829831030965,0.165 +/- 0.006,0.06228365106307728,0.017197539280542302,0.062 +/- 0.017,0.38133333333333336,0.05896891836665594,0.381 +/- 0.059,0.8258916610339733,0.8574461784424879,0.826-0.857,0.7539290541816486,0.7859271698663921,0.754-0.786,0.8967318259352335,0.9284895414320193,0.897-0.928,0.5146118189750302,0.5700081658254863,0.515-0.570
AIROGS_ORIGA,internal_test_balanced,balanced,convnext_tiny_peri,high_sensitivity_90,3,821.0,development_validation_only,False,0.7166057653268373,0.00914196528558482,0.717 +/- 0.009,0.6618903175192671,0.009322927724794724,0.662 +/- 0.009,0.8854568472692027,0.004305480965870428,0.885 +/- 0.004,0.7574949879566729,0.006296655398651291,0.757 +/- 0.006,0.5479022016497538,0.018123875086011702,0.548 +/- 0.018,0.8316796233655767,0.0039738105983920255,0.832 +/- 0.004,0.5369849464918007,0.031441920118905016,0.537 +/- 0.031,0.42000870373667243,0.04046025713524092,0.420 +/- 0.040,0.17165947012829022,0.0008903846111806433,0.172 +/- 0.001,0.060296929468239314,0.008293829971998392,0.060 +/- 0.008,0.3426666666666667,0.022030282189144428,0.343 +/- 0.022,0.8143570491015149,0.8449909355345887,0.814-0.845,0.7377706937015311,0.7738120883855482,0.738-0.774,0.8663100765466182,0.9022923549790045,0.866-0.902,0.5213585761845217,0.5759039975467771,0.521-0.576
AIROGS_ORIGA,internal_test_balanced,balanced,convnext_tiny_global,high_sensitivity_90,3,821.0,development_validation_only,False,0.7182298010556232,0.009769556975652448,0.718 +/- 0.010,0.6603500336974288,0.008608940557139594,0.660 +/- 0.009,0.8984570648626194,0.003701175103287892,0.898 +/- 0.004,0.7612082199591151,0.007039862289623409,0.761 +/- 0.007,0.5381480822107492,0.01587288506759567,0.538 +/- 0.016,0.8238601072142108,0.005390267674978223,0.824 +/- 0.005,0.48743892548414536,0.03252412835352341,0.487 +/- 0.033,0.3395980456154926,0.04677331701028444,0.340 +/- 0.047,0.17688511472219584,0.0029976168686963885,0.177 +/- 0.003,0.07015044583666387,0.0026125305542293335,0.070 +/- 0.003,0.3666666666666667,0.047721413781795424,0.367 +/- 0.048,0.803332454493328,0.8348256447407995,0.803-0.835,0.7427967325850056,0.7791804214160377,0.743-0.779,0.8830163883786336,0.915355646517269,0.883-0.915,0.5098500291205591,0.5643077351492481,0.510-0.564
AIROGS_ORIGA,internal_test_balanced,balanced,convnext_tiny_disc,high_sensitivity_90,3,821.0,development_validation_only,False,0.6991473812423873,0.010618511433716633,0.699 +/- 0.011,0.6423016864707828,0.010725873523813639,0.642 +/- 0.011,0.8992621605048168,0.007574486038971232,0.899 +/- 0.008,0.7492895559961036,0.004788404525336713,0.749 +/- 0.005,0.4991612762842957,0.029252824791576714,0.499 +/- 0.029,0.8156024370462682,0.004224840656169037,0.816 +/- 0.004,0.5093545388008625,0.02365285596135636,0.509 +/- 0.024,0.38020493343619566,0.03213255807167825,0.380 +/- 0.032,0.17950647737699665,0.002586875312604713,0.180 +/- 0.003,0.0639784793954432,0.011575892831900966,0.064 +/- 0.012,0.33466666666666667,0.03607399802258313,0.335 +/- 0.036,0.7961233241015796,0.8302544926091252,0.796-0.830,0.7302144648543187,0.766296313406634,0.730-0.766,0.8828139505026763,0.9159323624595469,0.883-0.916,0.47129951113366897,0.5273884755794015,0.471-0.527
AIROGS_ORIGA,internal_test_balanced,balanced,morfnet_no_bio,high_specificity_90,3,821.0,development_validation_only,False,0.7815671944782786,0.01035919676993351,0.782 +/- 0.010,0.8460488790748157,0.029775340595541665,0.846 +/- 0.030,0.6897098095068541,0.02964031855958378,0.690 +/- 0.030,0.759261005570148,0.012882659476734956,0.759 +/- 0.013,0.8734041500998951,0.031789352621102926,0.873 +/- 0.032,0.8733457955017506,0.004290401887102602,0.873 +/- 0.004,0.6238541728482979,0.03355360196569142,0.624 +/- 0.034,0.46303879097185136,0.007345974003580051,0.463 +/- 0.007,0.14665455568959385,0.004616606966736779,0.147 +/- 0.005,0.04881963582722288,0.019183050429859363,0.049 +/- 0.019,0.7040000000000001,0.08089499366462674,0.704 +/- 0.081,0.857788213192255,0.8859691798277268,0.858-0.886,0.7399523737586565,0.7773731768370397,0.740-0.777,0.6666666666666666,0.7155612586828142,0.667-0.716,0.8512351246459015,0.8911399852158061,0.851-0.891
AIROGS_ORIGA,internal_test_balanced,balanced,morfnet_full,high_specificity_90,3,821.0,development_validation_only,False,0.7823792123426716,0.007341916898101979,0.782 +/- 0.007,0.839857707072548,0.007914232255280804,0.840 +/- 0.008,0.6978121971000734,0.023910503891037268,0.698 +/- 0.024,0.7620591256276553,0.012068006057104298,0.762 +/- 0.012,0.8668901944493896,0.011381659504079437,0.867 +/- 0.011,0.8728759915336379,0.006404741448845504,0.873 +/- 0.006,0.6490534686368762,0.01504547503666486,0.649 +/- 0.015,0.48011393982552963,0.01754560992534611,0.480 +/- 0.018,0.14599952354731863,0.00348013885586671,0.146 +/- 0.003,0.04621047447040416,0.014424938245034536,0.046 +/- 0.014,0.5946666666666668,0.06478682993736715,0.595 +/- 0.065,0.8587224872368104,0.8844070302481004,0.859-0.884,0.7439574797929471,0.7807999811813147,0.744-0.781,0.6748451958714276,0.7217922005056961,0.675-0.722,0.8488515716579489,0.8866333410947475,0.849-0.887
AIROGS_ORIGA,internal_test_balanced,balanced,efficientnet_v2_s_global,high_specificity_90,3,821.0,development_validation_only,False,0.7295980511571255,0.01481793551838788,0.730 +/- 0.015,0.8482655359548366,0.009795126798406958,0.848 +/- 0.010,0.5589223191501987,0.030505623993549728,0.559 +/- 0.031,0.6735673930998827,0.023721337731636753,0.674 +/- 0.024,0.900162206001622,0.007300621664537096,0.900 +/- 0.007,0.8455699958459438,0.010602531106614702,0.846 +/- 0.011,0.5589163847842857,0.022609908428513865,0.559 +/- 0.023,0.3737107590054003,0.03322084911190349,0.374 +/- 0.033,0.16522030819451697,0.005834829831030965,0.165 +/- 0.006,0.06228365106307728,0.017197539280542302,0.062 +/- 0.017,0.6866666666666666,0.04822171018673365,0.687 +/- 0.048,0.8261109373143883,0.8573950800827321,0.826-0.857,0.6521180763520145,0.6975186055784669,0.652-0.698,0.5335979914061245,0.5858582942193675,0.534-0.586,0.8822808077236611,0.9174163607906696,0.882-0.917
AIROGS_ORIGA,internal_test_balanced,balanced,convnext_tiny_peri,high_specificity_90,3,821.0,development_validation_only,False,0.727568006496143,0.006708368510701707,0.728 +/- 0.007,0.8398695536324562,0.010983456636146936,0.840 +/- 0.011,0.5621466579629301,0.007639558271977329,0.562 +/- 0.008,0.6734794104247546,0.007708705432563999,0.673 +/- 0.008,0.8928490890748324,0.008592929055412628,0.893 +/- 0.009,0.8316796233655767,0.0039738105983920255,0.832 +/- 0.004,0.5369849464918007,0.031441920118905016,0.537 +/- 0.031,0.42000870373667243,0.04046025713524092,0.420 +/- 0.040,0.17165947012829022,0.0008903846111806433,0.172 +/- 0.001,0.060296929468239314,0.008293829971998392,0.060 +/- 0.008,0.6000000000000001,0.03555277766926233,0.600 +/- 0.036,0.81400098452471,0.8465860136549048,0.814-0.847,0.647398557945319,0.698854919005881,0.647-0.699,0.533549478160031,0.591388601308342,0.534-0.591,0.8758258811307862,0.9096001266518356,0.876-0.910
AIROGS_ORIGA,internal_test_balanced,balanced,convnext_tiny_global,high_specificity_90,3,821.0,development_validation_only,False,0.6963053187170117,0.01706686931139564,0.696 +/- 0.017,0.8273446130588988,0.01342657646920788,0.827 +/- 0.013,0.4955591161751034,0.03128883289536424,0.496 +/- 0.031,0.6196046867150957,0.027831275376568137,0.620 +/- 0.028,0.896912151603268,0.00517055050660763,0.897 +/- 0.005,0.8238601072142108,0.005390267674978223,0.824 +/- 0.005,0.48743892548414536,0.03252412835352341,0.487 +/- 0.033,0.3395980456154926,0.04677331701028444,0.340 +/- 0.047,0.17688511472219584,0.0029976168686963885,0.177 +/- 0.003,0.07015044583666387,0.0026125305542293335,0.070 +/- 0.003,0.6360000000000001,0.03555277766926233,0.636 +/- 0.036,0.8015934098351354,0.8331695740830625,0.802-0.833,0.5971122343334595,0.6424575532294226,0.597-0.642,0.47063251608091733,0.5214699415965447,0.471-0.521,0.8790729816859867,0.9130516366806689,0.879-0.913
AIROGS_ORIGA,internal_test_balanced,balanced,convnext_tiny_disc,high_specificity_90,3,821.0,development_validation_only,False,0.7052375152253351,0.011619235096430518,0.705 +/- 0.012,0.8379489455814099,0.0075434036414087635,0.838 +/- 0.008,0.5085435087927522,0.024474295839833234,0.509 +/- 0.024,0.632757547262713,0.019913142643314938,0.633 +/- 0.020,0.9017902003837556,0.004938595333613293,0.902 +/- 0.005,0.8156024370462682,0.004224840656169037,0.816 +/- 0.004,0.5093545388008625,0.02365285596135636,0.509 +/- 0.024,0.38020493343619566,0.03213255807167825,0.380 +/- 0.032,0.17950647737699665,0.002586875312604713,0.180 +/- 0.003,0.0639784793954432,0.011575892831900966,0.064 +/- 0.012,0.6000000000000001,0.024331050121192837,0.600 +/- 0.024,0.7980178984131493,0.8327561739482039,0.798-0.833,0.6097638795362352,0.6598197470789194,0.610-0.660,0.48211137715097613,0.5378424704589172,0.482-0.538,0.8857049274500566,0.9169087962699721,0.886-0.917
AIROGS_ORIGA,internal_test_balanced,balanced,morfnet_no_bio,youden,3,821.0,development_validation_only,False,0.7941534713763702,0.00421936859334688,0.794 +/- 0.004,0.7953720752269536,0.008593553362212594,0.795 +/- 0.009,0.7920360809447512,0.0057819608519934255,0.792 +/- 0.006,0.793661444766191,0.002666238599471681,0.794 +/- 0.003,0.7962554151088956,0.012526695839236086,0.796 +/- 0.013,0.8733457955017506,0.004290401887102602,0.873 +/- 0.004,0.6238541728482979,0.03355360196569142,0.624 +/- 0.034,0.46303879097185136,0.007345974003580051,0.463 +/- 0.007,0.14665455568959385,0.004616606966736779,0.147 +/- 0.005,0.04881963582722288,0.019183050429859363,0.049 +/- 0.019,0.5640000000000001,0.08827230596285564,0.564 +/- 0.088,0.8584623594679378,0.8857070907046232,0.858-0.886,0.7751597153215529,0.8113458326860339,0.775-0.811,0.7682710936403201,0.8139469091984619,0.768-0.814,0.7755483689538807,0.8185659514431916,0.776-0.819
AIROGS_ORIGA,internal_test_balanced,balanced,morfnet_full,youden,3,821.0,development_validation_only,False,0.7872513195290297,0.006925993548206248,0.787 +/- 0.007,0.7759166306268153,0.015659453001212822,0.776 +/- 0.016,0.8082744842046962,0.01365643218483147,0.808 +/- 0.014,0.7915914134160925,0.0036140229239271238,0.792 +/- 0.004,0.7662097204913656,0.025770559129401377,0.766 +/- 0.026,0.8728759915336379,0.006404741448845504,0.873 +/- 0.006,0.6490534686368762,0.01504547503666486,0.649 +/- 0.015,0.48011393982552963,0.01754560992534611,0.480 +/- 0.018,0.14599952354731863,0.00348013885586671,0.146 +/- 0.003,0.04621047447040416,0.014424938245034536,0.046 +/- 0.014,0.4306666666666667,0.05828664798505174,0.431 +/- 0.058,0.8563064498795765,0.8854821473539519,0.856-0.885,0.773127598759327,0.8086022609589155,0.773-0.809,0.7849029477976058,0.831104663938345,0.785-0.831,0.7426110203257855,0.7913435757911347,0.743-0.791
AIROGS_ORIGA,internal_test_balanced,balanced,efficientnet_v2_s_global,youden,3,821.0,development_validation_only,False,0.76045473000406,0.014011720606364065,0.760 +/- 0.014,0.7371698379379908,0.03600509667729123,0.737 +/- 0.036,0.8147528336597235,0.04047185039279472,0.815 +/- 0.040,0.7727743485528952,0.0013431093392781061,0.773 +/- 0.001,0.7061143750123633,0.0686132868483678,0.706 +/- 0.069,0.8455699958459438,0.010602531106614702,0.846 +/- 0.011,0.5589163847842857,0.022609908428513865,0.559 +/- 0.023,0.3737107590054003,0.03322084911190349,0.374 +/- 0.033,0.16522030819451697,0.005834829831030965,0.165 +/- 0.006,0.06228365106307728,0.017197539280542302,0.062 +/- 0.017,0.5,0.064,0.500 +/- 0.064,0.8277067637789782,0.8563058289509051,0.828-0.856,0.7554152509414868,0.7896092865232163,0.755-0.790,0.7935802786775393,0.8361742464123648,0.794-0.836,0.6817097213865033,0.7287584459459459,0.682-0.729
AIROGS_ORIGA,internal_test_balanced,balanced,convnext_tiny_peri,youden,3,821.0,development_validation_only,False,0.7490864799025578,0.01271657309246108,0.749 +/- 0.013,0.7551021825606267,0.03485620250797053,0.755 +/- 0.035,0.7425355567424287,0.06309924302813845,0.743 +/- 0.063,0.7467516301660617,0.019317800696533428,0.747 +/- 0.019,0.7557177615571776,0.06684048592391534,0.756 +/- 0.067,0.8316796233655767,0.0039738105983920255,0.832 +/- 0.004,0.5369849464918007,0.031441920118905016,0.537 +/- 0.031,0.42000870373667243,0.04046025713524092,0.420 +/- 0.040,0.17165947012829022,0.0008903846111806433,0.172 +/- 0.001,0.060296929468239314,0.008293829971998392,0.060 +/- 0.008,0.47733333333333333,0.03401960219246153,0.477 +/- 0.034,0.8151759262239696,0.8465973313805074,0.815-0.847,0.7288669610534432,0.7654109834038575,0.729-0.765,0.7166660787590446,0.7663249456352904,0.717-0.766,0.7314087655829105,0.7785438097430177,0.731-0.779
AIROGS_ORIGA,internal_test_balanced,balanced,convnext_tiny_global,youden,3,821.0,development_validation_only,False,0.7438083637840033,0.004922596692237973,0.744 +/- 0.005,0.7304130326007243,0.02092162030782633,0.730 +/- 0.021,0.7749530196031887,0.03592149742534153,0.775 +/- 0.036,0.7513210712319832,0.006485849507299033,0.751 +/- 0.006,0.7126263525408977,0.04419977136223,0.713 +/- 0.044,0.8238601072142108,0.005390267674978223,0.824 +/- 0.005,0.48743892548414536,0.03252412835352341,0.487 +/- 0.033,0.3395980456154926,0.04677331701028444,0.340 +/- 0.047,0.17688511472219584,0.0029976168686963885,0.177 +/- 0.003,0.07015044583666387,0.0026125305542293335,0.070 +/- 0.003,0.4693333333333333,0.07739078325830108,0.469 +/- 0.077,0.8021806266947764,0.8341716761324424,0.802-0.834,0.7323863863653638,0.7703462838558133,0.732-0.770,0.7515963630650799,0.7975374683544304,0.752-0.798,0.6894844096313743,0.7371023271722922,0.689-0.737
AIROGS_ORIGA,internal_test_balanced,balanced,convnext_tiny_disc,youden,3,821.0,development_validation_only,False,0.7365002030044661,0.009460966461819771,0.737 +/- 0.009,0.739118428222449,0.014724900676699503,0.739 +/- 0.015,0.7311178367258124,0.009003059625642676,0.731 +/- 0.009,0.7350191441522514,0.007860000841998045,0.735 +/- 0.008,0.7419005795897377,0.019599501314166514,0.742 +/- 0.020,0.8156024370462682,0.004224840656169037,0.816 +/- 0.004,0.5093545388008625,0.02365285596135636,0.509 +/- 0.024,0.38020493343619566,0.03213255807167825,0.380 +/- 0.032,0.17950647737699665,0.002586875312604713,0.180 +/- 0.003,0.0639784793954432,0.011575892831900966,0.064 +/- 0.012,0.47066666666666673,0.024110855093366853,0.471 +/- 0.024,0.7987186903400132,0.8302926898083167,0.799-0.830,0.716866536806836,0.7539983524215971,0.717-0.754,0.7073957707055727,0.7566611602875785,0.707-0.757,0.7156536507503942,0.7662513993094425,0.716-0.766
